Occupation Code,Description,Category,,c
399911,Abalone Diver,Specialisation,,
831313,Abalone Sheller,Specialisation,,
149999,Abattoir Manager,Occupation in nec category,,
422111,Aboriginal and Torres Strait Islander Education Worker,Principal Title,,
411511,Aboriginal and Torres Strait Islander Health Worker,Principal Title,,
234314,Aboriginal and Torres Strait Islander Land and Sea Ranger,Specialisation,,
272211,Aboriginal Ceremonial Celebrant,Specialisation,,
111399,Aboriginal Community Council Member,Occupation in nec category,,
241599,Aboriginal Education Teacher,Occupation in nec category,,
422111,Aboriginal Education Worker Coordinator,Specialisation,,
254499,Aboriginal Health Nurse,Occupation in nec category,,
422111,Aboriginal Home-School Liaison Officer,Specialisation,,
224912,Aboriginal Liaison Officer,Specialisation,,
452215,Abseiling Instructor,Specialisation,,
141999,Accommodation and Hospitality Managers nec,Principal Title,,
221111,Accountant (General),Principal Title,,
512299,Accounting Practice Manager,Occupation in nec category,,
551111,Accounts Clerk,Principal Title,,
551111,Accounts Payable or Receivable Clerk,Alternative Title,,
233999,Acoustic Engineer,Occupation in nec category,,
441111,Acoustic Warfare Analyst (Navy),Specialisation,,
224611,Acquisitions Librarian,Specialisation,,
711513,Acrylic Fabricator,Specialisation,,
411311,Activities Coordinator,Specialisation,,
411311,Activities Officer,Specialisation,,
211111,Actor,Principal Title,,
211199,"Actors, Dancers and Other Entertainers nec",Principal Title,,
552314,Actuarial Clerk,Specialisation,,
224111,Actuary,Principal Title,,
252211,Acupuncturist,Principal Title,,
132111,Administration Manager,Alternative Title,,
271213,Administrative Appeals Tribunal Member,Specialisation,,
111212,Admiral (Navy),Specialisation,,
542112,Admissions Clerk,Principal Title,,
253411,Adolescent Psychiatrist,Specialisation,,
242211,Adult Education Teacher,Specialisation,,
452215,Adventure Challenge Instructor,Specialisation,,
225111,Advertising Account Executive,Alternative Title,,
225111,Advertising Account Manager,Alternative Title,,
131113,Advertising Manager,Principal Title,,
225111,Advertising Specialist,Principal Title,,
312116,Aerial Survey Technician,Specialisation,,
452111,Aerobics Instructor,Specialisation,,
233911,Aeronautical Engineer,Principal Title,,
233911,Aeronautical Engineering Officer (Navy),Specialisation,,
231111,Aeroplane Pilot,Principal Title,,
312914,Aerospace Draftsperson,Specialisation,,
233911,Aerospace Engineer,Specialisation,,
233911,Aerospace Engineer Officer - Aeronautical (Air Force),Specialisation,,
233911,Aerospace Engineer Officer - Armament (Air Force),Specialisation,,
233911,Aerospace Engineer Officer - Electronics (Air Force),Specialisation,,
423111,Aged or Disabled Care Worker,Alternative Title,,
423111,Aged or Disabled Carer,Principal Title,,
234111,Agricultural Adviser,Alternative Title,,
311112,Agricultural and Agritech Technician,Principal Title,,
721111,Agricultural and Horticultural Mobile Plant Operator,Principal Title,,
234111,Agricultural Consultant,Principal Title,,
224311,Agricultural Economist,Specialisation,,
233912,Agricultural Engineer,Principal Title,,
234111,Agricultural Extension Officer,Specialisation,,
133611,Agricultural Goods Logistics Manager,Specialisation,,
234114,Agricultural Research Scientist,Principal Title,,
234114,Agricultural Scientist,Alternative Title,,
311112,Agriculture Laboratory Technician,Specialisation,,
234115,Agronomist,Principal Title,,
111212,Air Chief Marshal (Air Force),Specialisation,,
111212,Air Commodore (Air Force),Specialisation,,
139111,Air Defence Officer (Air Force) (Aus),Specialisation,,
441111,Air Dispatcher (Army),Specialisation,,
111212,Air Force Senior Officer,Alternative Title,,
111212,Air Marshal (Air Force),Specialisation,,
234313,Air Pollution Analyst,Specialisation,,
441111,Air Surveillance Operator (Air Force),Specialisation,,
231112,Air Traffic Controller,Principal Title,,
231199,Air Transport Professionals nec,Principal Title,,
111212,Air Vice Marshal (Air Force),Specialisation,,
399999,Airborne Electronics Analyst (Air Force),Occupation in nec category,,
334112,Airconditioning and Mechanical Services Plumber,Principal Title,,
342111,Airconditioning and Refrigeration Mechanic,Principal Title,,
312511,Airconditioning Drafting Officer,Specialisation,,
233512,Airconditioning Engineer,Specialisation,,
712911,Airconditioning Plant Operator,Specialisation,,
721911,Aircraft Baggage Handler and Airline Ground Crew,Principal Title,,
811211,Aircraft Cabin Cleaner,Specialisation,,
312412,Aircraft Electronics Technician,Specialisation,,
441111,Aircraft Life Support Fitter (Air Force),Specialisation,,
441111,Aircraft Life Support Fitter (Army),Specialisation,,
591211,Aircraft Load Controller,Specialisation,,
323214,Aircraft Machinist,Specialisation,,
323112,Aircraft Maintenance Engineer (Airframes),Specialisation,,
323111,Aircraft Maintenance Engineer (Avionics),Principal Title,,
323111,Aircraft Maintenance Engineer (Electrical),Specialisation,,
323112,Aircraft Maintenance Engineer (Engines),Specialisation,,
323111,Aircraft Maintenance Engineer (Instruments),Specialisation,,
323112,Aircraft Maintenance Engineer (Mechanical),Principal Title,,
323111,Aircraft Maintenance Engineer (Radio),Specialisation,,
323113,Aircraft Maintenance Engineer (Structures),Principal Title,,
231199,Aircraft Navigator,Occupation in nec category,,
733112,Aircraft Refueller,Principal Title,,
323113,"Aircraft Structural Fitter (Air Force, Army)",Specialisation,,
323112,"Aircraft Technician (Air Force, Army)",Specialisation,,
441111,Aircrewman (Navy),Specialisation,,
441111,Airfield Defence Guard (Air Force),Specialisation,,
233211,Airfield Engineer Officer (Air Force),Specialisation,,
139999,Airport Manager,Occupation in nec category,,
231199,Airworthiness Inspector,Occupation in nec category,,
442211,"Alarm, Security or Surveillance Monitor",Principal Title,,
111311,Alderman,Alternative Title,,
121399,Alpaca Farmer,Occupation in nec category,,
712311,Alumina Refinery Operator,Specialisation,,
139999,Ambassador,Occupation in nec category,,
411111,Ambulance Officer,Principal Title,,
139999,Ambulance Services Manager,Occupation in nec category,,
149111,Amusement Centre Manager,Principal Title,,
711999,Amusement Ride Operator,Occupation in nec category,,
311211,Anaesthetic Technician,Principal Title,,
253211,Anaesthetist,Principal Title,,
261311,Analyst Programmer,Principal Title,,
234211,Analytical Chemist,Specialisation,,
234599,Anatomist,Occupation in nec category,,
361199,Animal Attendants and Trainers nec,Principal Title,,
234599,Animal Behaviourist,Occupation in nec category,,
311113,Animal Husbandry Technician,Principal Title,,
599599,Animal Management Officer,Occupation in nec category,,
361311,Animal Nurse,Alternative Title,,
234115,Animal Nutritionist,Specialisation,,
361199,Animal Trainer,Occupation in nec category,,
361199,Animal Welfare Officer,Occupation in nec category,,
232412,Animator,Specialisation,,
322112,Anodiser,Specialisation,,
272499,Anthropologist,Occupation in nec category,,
142112,Antique Dealer,Principal Title,,
121311,Apiarist,Principal Title,,
393211,Apparel Cutter,Principal Title,,
261312,Applications Developer,Alternative Title,,
313199,Applications Packager,Occupation in nec category,,
452413,Apprentice Jockey,Specialisation,,
121111,Aquaculture Farm Manager,Alternative Title,,
121111,Aquaculture Farmer,Principal Title,,
234116,Aquaculture or Fisheries Research Scientist,Alternative Title,,
234116,Aquaculture or Fisheries Scientist,Principal Title,,
311114,Aquaculture or Fisheries Technician,Principal Title,,
363111,Aquaculture Supervisor,Principal Title,,
842111,Aquaculture Worker,Principal Title,,
361114,Aquarist,Specialisation,,
149113,Aquatic Centre Manager,Specialisation,,
252511,Aquatic Physiotherapist,Specialisation,,
362511,Arboricultural Consultant,Specialisation,,
362511,Arboriculturist,Alternative Title,,
362511,Arborist,Principal Title,,
712311,Arc Welder,Specialisation,,
272414,Archaeologist,Principal Title,,
139999,Archbishop,Occupation in nec category,,
232111,Architect,Principal Title,,
312111,Architectural Associate,Alternative Title,,
312111,Architectural Draftsperson,Principal Title,,
399999,Architectural Model Maker,Occupation in nec category,,
512299,Architectural Practice Manager,Occupation in nec category,,
312199,"Architectural, Building and Surveying Technicians nec",Principal Title,,
312914,Architecture Technician,Specialisation,,
224211,Archivist,Principal Title,,
341111,Armature Winder,Specialisation,,
442212,Armoured Car Escort,Principal Title,,
139111,Armoured Corps Officer (Army),Specialisation,,
111212,Army Senior Officer,Alternative Title,,
451511,Aromatherapist,Specialisation,,
234911,Art Conservator,Specialisation,,
212311,"Art Director (Film, Television or Stage)",Principal Title,,
139911,Art Gallery Director,Specialisation,,
272411,Art Historian,Specialisation,,
272314,Art Psychotherapist or Therapist,Specialisation,,
249211,Art Teacher (Private Tuition),Principal Title,,
311113,Artificial Insemination Technician,Specialisation,,
139111,Artillery Officer (Army),Specialisation,,
212111,Artistic Director,Principal Title,,
139911,Arts Administrator or Manager,Principal Title,,
711999,Asbestos Remover,Occupation in nec category,,
599599,Assessment and Compliance Officer,Occupation in nec category,,
224511,Asset Manager (Land and Property),Specialisation,,
111211,Assistant Commissioner (Police),Specialisation,,
134212,Assistant Director of Nursing,Specialisation,,
423312,Assistant in Nursing,Alternative Title,,
212412,Associate Editor,Alternative Title,,
251911,Asthma Educator,Specialisation,,
451899,Astrologer,Occupation in nec category,,
234914,Astronomer,Specialisation,,
452499,Athlete,Occupation in nec category,,
611111,Auctioneer,Principal Title,,
212399,Audio Director,Occupation in nec category,,
399516,Audio Operator,Specialisation,,
252711,Audiologist,Principal Title,,
311299,Audiometrist,Occupation in nec category,,
224611,Audiovisual Librarian,Specialisation,,
342313,Audiovisual Technician,Specialisation,,
551111,Audit Clerk,Specialisation,,
221214,Audit Officer,Alternative Title,,
452411,Australian Rules Footballer,Specialisation,,
212211,Author,Principal Title,,
899412,Autoglazier,Principal Title,,
394213,Automatic Profile Sander Operator,Specialisation,,
321211,Automatic Transmission Mechanic,Specialisation,,
233513,Automation and Control Engineer,Specialisation,,
312999,Automation Technician,Occupation in nec category,,
731199,Automobile Drivers nec,Principal Title,,
321211,Automotive Airconditioning Mechanic,Specialisation,,
621911,Automotive Dismantler,Specialisation,,
321111,Automotive Electrical Fitter,Alternative Title,,
321111,Automotive Electrician,Principal Title,,
321212,Automotive Heavy Mechanic,Specialisation,,
321211,Automotive Light Mechanic,Alternative Title,,
323214,Automotive Machinist,Specialisation,,
621312,Automotive Parts Interpreter,Alternative Title,,
323112,Aviation Technician Aircraft (Navy),Specialisation,,
233911,Avionics Systems Engineer,Specialisation,,
323111,Avionics Technician (Defence),Specialisation,,
821412,Awning Installer,Specialisation,,
261111,BA (ICT),Alternative Title,,
721212,Backhoe Operator,Principal Title,,
141999,Backpackers Manager,Occupation in nec category,,
234517,Bacteriologist (Non-medical),Specialisation,,
351111,Baker,Principal Title,,
851211,Bakery Assistant,Specialisation,,
831111,Baking Factory Worker,Principal Title,,
211112,Ballet Dancer,Specialisation,,
249212,Ballet Teacher (Private Tuition),Specialisation,,
231199,Balloonist,Occupation in nec category,,
211212,Band Leader,Specialisation,,
711313,Band Saw Operator,Specialisation,,
211214,Band Singer,Specialisation,,
149914,Bank Manager,Specialisation,,
552111,Bank Worker,Principal Title,,
431111,Bar Attendant,Principal Title,,
431911,Bar Back,Alternative Title,,
431111,Bar Steward,Alternative Title,,
431911,Bar Useful or Busser,Principal Title,,
391111,Barber,Specialisation,,
899211,Barge Hand,Specialisation,,
431112,Barista,Principal Title,,
271111,Barrister,Principal Title,,
452317,Basketball Coach,Specialisation,,
711313,Beam Saw Operator,Specialisation,,
711715,Beamer,Specialisation,,
451111,Beauty Therapist,Principal Title,,
141911,Bed and Breakfast Operator,Principal Title,,
121312,Beef Cattle Farm Manager,Alternative Title,,
842311,Beef Cattle Farm Worker,Principal Title,,
121312,Beef Cattle Farmer,Principal Title,,
121312,Beef Cattle Grazier,Alternative Title,,
121311,Beekeeper,Alternative Title,,
241511,Behaviour Support Teacher,Specialisation,,
561111,Betting Agency Counter Clerk,Principal Title,,
142113,Betting Agency Manager,Principal Title,,
561199,Betting Clerks nec,Principal Title,,
712999,Beverage Distiller,Occupation in nec category,,
224611,Bibliographer,Specialisation,,
561211,Bicycle Courier,Specialisation,,
899911,Bicycle Mechanic,Principal Title,,
899911,Bicycle Repairer,Alternative Title,,
899911,Bicycle Technician,Specialisation,,
234513,Biochemist,Principal Title,,
233913,Bioengineer,Specialisation,,
311413,Biological Technical Officer,Specialisation,,
234511,Biologist (General),Alternative Title,,
233913,Biomedical Engineer,Principal Title,,
233914,Biomedical Engineering Technologist,Specialisation,,
312999,Biomedical Technician,Occupation in nec category,,
224116,Biometrician,Specialisation,,
311313,Biosecurity Officer,Principal Title,,
599514,Biosecurity Officer (Weeds and Pests),Alternative Title,,
224116,Biostatistician,Specialisation,,
234514,Biotechnologist,Principal Title,,
831111,Biscuit Factory Worker,Specialisation,,
832199,Biscuit Packer,Occupation in nec category,,
139999,Bishop,Occupation in nec category,,
141111,Bistro Manager,Specialisation,,
712999,Bitumen Plant Operator,Occupation in nec category,,
322111,Blacksmith,Principal Title,,
712916,Bleach Plant Operator,Specialisation,,
331111,Blocklayer,Alternative Title,,
212499,Blogger,Occupation in nec category,,
311216,Blood Collector,Specialisation,,
711514,Blow Moulding Machine Operator,Specialisation,,
141999,Boarding House Manager,Occupation in nec category,,
149911,Boarding Kennel or Cattery Operator,Principal Title,,
399111,Boat Builder and Repairer,Principal Title,,
231299,Boating Safety Officer,Occupation in nec category,,
441111,Boatswains Mate (Navy),Specialisation,,
721216,Bobcat Operator,Specialisation,,
451814,Body Artist,Principal Title,,
612112,Body Corporate Manager,Specialisation,,
451814,Body Piercer,Specialisation,,
442299,Bodyguard,Occupation in nec category,,
712212,Bogger Operator,Specialisation,,
712911,Boiler or Engine Operator,Principal Title,,
312512,Boiler Testing Technician,Specialisation,,
839111,Boilermaker's Assistant,Specialisation,,
322311,Boilermaker-Welder,Specialisation,,
312611,Boilers and Pressure Vessels Inspector,Specialisation,,
441312,Bomb Squad Officer,Specialisation,,
591212,Bond Clerk,Specialisation,,
212212,Book or Script Editor,Principal Title,,
639411,Booking Clerk,Specialisation,,
551211,Bookkeeper,Principal Title,,
552311,Bookmaker,Principal Title,,
561112,Bookmaker's Clerk,Principal Title,,
599521,Boring Inspector,Specialisation,,
311413,Botanical Technical Officer,Specialisation,,
234515,Botanist,Principal Title,,
621911,Bottle Dealer,Specialisation,,
832112,Bottling Attendant,Specialisation,,
442213,Bouncer,Alternative Title,,
899999,Bowling Alley Attendant,Occupation in nec category,,
532112,Braille Transcriber,Specialisation,,
711199,Brake Lining Maker,Occupation in nec category,,
321211,Brake Mechanic,Specialisation,,
712311,Brake Press Operator,Specialisation,,
225113,Brand Manager,Specialisation,,
832199,Bread Packer,Occupation in nec category,,
831111,Bread Room Hand,Specialisation,,
831112,Brewery Worker,Principal Title,,
711111,Brick Extruder Operator,Specialisation,,
839913,Brick Handler,Specialisation,,
331111,Brick Paver,Specialisation,,
331111,Bricklayer,Principal Title,,
821111,Bricklayer's Assistant,Specialisation,,
149111,Bridge Club Manager,Specialisation,,
111212,Brigadier (Army),Specialisation,,
842411,Broadacre Crop and Livestock Farm Worker,Principal Title,,
121711,Broadacre Crop and Livestock Farmer,Principal Title,,
363116,Broadacre Crop Chemical Spray Operator,Specialisation,,
121599,Broadacre Crop Growers nec,Principal Title,,
399511,Broadcast Transmitter Operator,Principal Title,,
149999,Brothel Keeper,Occupation in nec category,,
711999,Brush Maker,Occupation in nec category,,
821111,Builder's Labourer,Principal Title,,
133111,Building and Construction Manager,Alternative Title,,
312999,Building and Engineering Technicians nec,Principal Title,,
312112,Building Associate,Principal Title,,
312113,Building Certifier,Alternative Title,,
312112,Building Construction Supervisor,Specialisation,,
312111,Building Drafting Officer,Specialisation,,
233213,Building Economist,Alternative Title,,
312114,Building Estimator,Alternative Title,,
312113,Building Inspector,Principal Title,,
821411,Building Insulation Installer,Principal Title,,
149913,Building Manager,Alternative Title,,
233512,Building Services Engineer,Specialisation,,
312113,Building Surveyor,Alternative Title,,
712912,Bulk Materials Handling Plant Operator,Principal Title,,
721213,Bulldozer Operator,Principal Title,,
711911,Bullet Maker,Specialisation,,
452211,Bungy Jump Master,Principal Title,,
149413,Bus Company Manager,Specialisation,,
731211,Bus Driver,Principal Title,,
451899,Bus Escort,Occupation in nec category,,
599518,Bus Inspector,Specialisation,,
843999,Bush Regenerator,Occupation in nec category,,
452216,Bushwalking Guide,Alternative Title,,
612111,Business Agent,Alternative Title,,
224713,Business Analyst,Specialisation,,
612111,Business Broker,Principal Title,,
224713,Business Consultant,Alternative Title,,
261111,Business Consultant (ICT),Alternative Title,,
131112,Business Development Manager,Specialisation,,
224713,Business Improvement Manager,Specialisation,,
224912,Business Liaison Officer,Specialisation,,
342311,Business Machine Mechanic,Principal Title,,
132111,Business Services Manager,Alternative Title,,
261111,Business Systems Analyst,Specialisation,,
451612,Business Travel Consultant,Specialisation,,
211113,Busker,Specialisation,,
351211,Butcher or Smallgoods Maker,Principal Title,,
851299,Butcher's Assistant,Occupation in nec category,,
451899,Butler,Occupation in nec category,,
831114,Butter Maker,Specialisation,,
451711,Cabin Crew,Alternative Title,,
451711,Cabin Supervisor (Aircraft),Specialisation,,
394112,Cabinet Installer,Specialisation,,
394112,Cabinet Maker,Principal Title,,
721999,Cable Ferry Operator,Occupation in nec category,,
342411,Cabler (Data and Telecommunications),Principal Title,,
232212,Cadastral Surveyor,Specialisation,,
431211,Cafe Assistant,Alternative Title,,
431211,Cafe Attendant,Alternative Title,,
141111,Cafe or Restaurant Manager,Principal Title,,
431211,Cafe Worker,Principal Title,,
351112,Cake Decorator,Specialisation,,
233999,Calibration Engineer,Occupation in nec category,,
311499,Calibration Technician,Occupation in nec category,,
541111,Call Centre Supervisor,Alternative Title,,
541111,Call or Contact Centre Coach,Specialisation,,
149211,Call or Contact Centre Manager,Principal Title,,
541112,Call or Contact Centre Operator,Principal Title,,
541111,Call or Contact Centre Team Leader,Principal Title,,
541111,Call or Contact Centre Workforce Planner,Specialisation,,
452312,Callisthenics Instructor,Specialisation,,
399512,"Camera Operator (Film, Television or Video)",Principal Title,,
323314,Camera Repairer,Specialisation,,
711911,Candle Maker,Specialisation,,
832112,Cannery Worker,Specialisation,,
399999,Canoe Maker,Occupation in nec category,,
711313,Cant Gang Sawyer,Specialisation,,
431211,Canteen Attendant,Specialisation,,
141111,Canteen Manager,Specialisation,,
393111,Canvas Goods Fabricator,Principal Title,,
393111,Canvas Goods Maker,Alternative Title,,
111212,Captain (Navy),Specialisation,,
811111,Car Detailer,Principal Title,,
899912,Car Park Attendant,Principal Title,,
149413,Car Rental Agency Manager,Specialisation,,
621912,Car Rental Sales Assistant,Specialisation,,
141211,Caravan Park and Camping Ground Manager,Principal Title,,
221112,Carbon Accountant,Specialisation,,
311212,Cardiac Technician,Principal Title,,
311212,Cardiac Technologist,Specialisation,,
253312,Cardiologist,Principal Title,,
252511,Cardiothoracic Physiotherapist,Specialisation,,
253512,Cardiothoracic Surgeon,Principal Title,,
272111,Careers Adviser,Alternative Title,,
272111,Careers Counsellor,Principal Title,,
899111,Caretaker,Principal Title,,
331212,Carpenter,Principal Title,,
331211,Carpenter and Joiner,Principal Title,,
821111,Carpenter's Assistant,Specialisation,,
811611,Carpet Cleaner,Principal Title,,
332111,Carpet Layer,Specialisation,,
621999,Carpet Measurer,Occupation in nec category,,
711715,Carpet Weaver,Specialisation,,
821412,Carport Erector,Specialisation,,
232213,Cartographer,Principal Title,,
711311,Carton Making Machinist,Specialisation,,
232412,Cartoonist,Specialisation,,
561999,Cash Processor,Occupation in nec category,,
621711,Cash Van Salesperson,Principal Title,,
631112,Cashier,Alternative Title,,
141999,Casino Duty Manager,Occupation in nec category,,
431311,Casino Gaming Inspector,Specialisation,,
223112,Casting Agent,Specialisation,,
212399,Casting Director,Occupation in nec category,,
224611,Cataloguer,Specialisation,,
225113,Category Manager,Specialisation,,
141111,Caterer,Specialisation,,
842312,Cattle and Sheep Farm Worker,Principal Title,,
121711,Cattle and Wheat Farmer,Specialisation,,
842314,Cattle Hoof Trimmer,Specialisation,,
452299,Caving Guide,Occupation in nec category,,
333211,Ceiling Fixer,Specialisation,,
234514,Cell Geneticist,Specialisation,,
431999,Cellar Hand (Hotel),Occupation in nec category,,
839211,Cellular Plastics Cutter,Specialisation,,
839911,Cement and Concrete Plant Worker,Principal Title,,
712913,Cement Crusher Operator,Specialisation,,
712913,Cement Despatch Operator,Specialisation,,
712913,Cement Grinding Mill Operator,Specialisation,,
712913,Cement Kiln Operator,Specialisation,,
733111,Cement Mixer Driver,Specialisation,,
712913,Cement Production Plant Operator,Principal Title,,
232312,Ceramic Designer,Specialisation,,
333411,Ceramic Tiler,Specialisation,,
254111,Certified Midwife,Alternative Title,,
321214,Chainsaw Mechanic,Specialisation,,
712111,Chairlift Operator,Specialisation,,
271212,Chamber Magistrate,Alternative Title,,
224712,Change Management Facilitator,Specialisation,,
272211,Chaplain,Specialisation,,
254311,Charge Nurse,Alternative Title,,
731212,Charter and Tour Bus Driver,Principal Title,,
731111,Chauffeur,Principal Title,,
639411,Check-in Agent,Specialisation,,
631111,Checkout Operator,Principal Title,,
621511,Checkout Supervisor,Alternative Title,,
831114,Cheese Factory Worker,Specialisation,,
831114,Cheese Maker,Specialisation,,
832199,Cheese Packer,Occupation in nec category,,
351311,Chef,Principal Title,,
351311,Chef de Partie,Specialisation,,
851299,Chef's Assistant,Occupation in nec category,,
233111,Chemical Engineer,Principal Title,,
311411,Chemical Instrumentation  Officer,Specialisation,,
399211,Chemical Plant Operator,Principal Title,,
839912,Chemical Plant Worker,Principal Title,,
311411,Chemical Process Analyst,Specialisation,,
711911,Chemical Production Machine Operator,Principal Title,,
399211,Chemicals Distiller,Specialisation,,
399211,Chemicals Fermentation Operator,Specialisation,,
234211,Chemist,Principal Title,,
311411,Chemistry Laboratory Technician,Specialisation,,
311411,Chemistry Technical Officer,Alternative Title,,
311411,Chemistry Technician,Principal Title,,
712111,Cherry Picker Operator,Specialisation,,
111111,Chief Executive Officer,Alternative Title,,
111111,Chief Executive or Managing Director,Principal Title,,
132211,Chief Financial Officer,Alternative Title,,
135111,Chief Information Officer,Principal Title,,
135111,Chief Information Security Officer,Specialisation,,
111312,Chief Minister,Specialisation,,
111211,Chief Operating Officer,Alternative Title,,
135111,Chief Technology Officer,Alternative Title,,
253411,Child and Adolescent Psychiatrist,Specialisation,,
421111,Child Care Aide,Alternative Title,,
134111,Child Care Centre Director,Alternative Title,,
134111,Child Care Centre Manager,Principal Title,,
134111,Child Care Coordinator,Alternative Title,,
421111,Child Care Group Leader (Aus),Specialisation,,
421111,Child Care Worker,Principal Title,,
423411,Child or Youth Residential Care Assistant,Principal Title,,
253411,Child Psychiatrist,Specialisation,,
251911,Childbirth Educator,Specialisation,,
271212,Children's Court Magistrate,Specialisation,,
224611,Children's Librarian,Specialisation,,
421111,Children's Nursery Assistant,Specialisation,,
741111,Chiller Hand,Specialisation,,
811699,Chimney Sweep,Occupation in nec category,,
411611,Chinese (Tui-Na) Masseur,Specialisation,,
252214,Chinese Herbalist,Specialisation,,
252214,Chinese Medicine Practitioner,Alternative Title,,
512211,Chiropractic Practice Manager,Specialisation,,
252111,Chiropractor,Principal Title,,
831113,Chocolate Maker,Specialisation,,
832111,Chocolate Packer,Principal Title,,
211212,Choral Director,Specialisation,,
211214,Chorister,Specialisation,,
149912,Cinema or Theatre Manager,Principal Title,,
212313,Cinematographer,Alternative Title,,
211113,Circus Artist,Specialisation,,
211199,Circus Trainer,Occupation in nec category,,
451811,Civil Celebrant,Principal Title,,
233211,Civil Engineer,Principal Title,,
312212,Civil Engineering Assistant,Specialisation,,
312211,Civil Engineering Design Draftsperson,Specialisation,,
312211,Civil Engineering Draftsperson,Principal Title,,
312212,Civil Engineering Technician,Principal Title,,
312212,Civil Laboratory Technician,Specialisation,,
561911,Classified Advertising Clerk,Principal Title,,
839913,Clay Processing Factory Worker,Principal Title,,
839913,Clay Processing Labourer,Alternative Title,,
711111,Clay Products Machine Operator,Principal Title,,
711199,"Clay, Concrete, Glass and Stone Processing Machine Operators nec",Principal Title,,
811699,Cleaners nec,Principal Title,,
399911,Clearance Diver (Navy),Specialisation,,
599999,Clerical and Administrative Workers nec,Principal Title,,
561999,Clerical and Office Support Workers nec,Principal Title,,
599211,Clerk of Court,Principal Title,,
312112,Clerk of Works,Specialisation,,
149212,Client Service Manager,Alternative Title,,
234913,Climatologist,Specialisation,,
452214,Climbing Guide,Specialisation,,
253399,Clinical Allergist,Occupation in nec category,,
599915,Clinical Coder,Principal Title,,
253915,Clinical Cytopathologist,Specialisation,,
411212,Clinical Dental Technician,Alternative Title,,
233913,Clinical Engineer,Specialisation,,
253399,Clinical Geneticist,Occupation in nec category,,
253313,Clinical Haematologist,Principal Title,,
253399,Clinical Immunologist,Occupation in nec category,,
254211,Clinical Nurse Educator,Alternative Title,,
253399,Clinical Pharmacologist,Occupation in nec category,,
272311,Clinical Psychologist,Principal Title,,
224213,Clinical Trial Data Manager,Specialisation,,
899999,Clothes Sorter,Occupation in nec category,,
393212,Clothing Patternmaker,Principal Title,,
621111,Clothing Sales Assistant,Specialisation,,
393299,Clothing Trades Workers nec,Principal Title,,
261316,Cloud Computing Engineer,Specialisation,,
211113,Clown,Specialisation,,
141411,Club Licensee,Alternative Title,,
324211,Coach Builder,Specialisation,,
731212,Coach Tour Driver,Specialisation,,
712212,Coal Cutter,Specialisation,,
839313,Coal Sample Tester,Specialisation,,
599999,Coding Clerk,Occupation in nec category,,
121699,Coffee Grower,Occupation in nec category,,
399999,Coffee Machine Technician,Occupation in nec category,,
842299,Coffee Plantation Worker,Occupation in nec category,,
831199,Coffee Roaster,Occupation in nec category,,
599311,Collection Agent,Specialisation,,
599311,Collection Officer,Specialisation,,
324111,Collision Repairer,Alternative Title,,
111212,Colonel (Army),Specialisation,,
212413,Columnist,Specialisation,,
441111,Combat Engineer (Army),Specialisation,,
233411,Combat System Engineer,Specialisation,,
441111,Combat Systems Operator (Navy),Specialisation,,
441111,Combat Systems Operator Mine Warfare (Navy),Specialisation,,
312412,Combat Systems Technician,Specialisation,,
211113,Comedian,Specialisation,,
111212,Commander (Navy),Specialisation,,
441111,Commando (Army),Specialisation,,
221112,Commercial Accountant,Specialisation,,
811211,Commercial Cleaner,Principal Title,,
811411,Commercial Housekeeper,Principal Title,,
232511,Commercial Interior Designer,Specialisation,,
211214,Commercial Singer (Advertising),Specialisation,,
351311,Commis Chef,Specialisation,,
139111,Commissioned Defence Force Officer,Principal Title,,
139112,Commissioned Fire Officer,Principal Title,,
139113,Commissioned Police Officer,Principal Title,,
222111,Commodities Broker,Alternative Title,,
222111,Commodities Trader,Principal Title,,
111212,Commodore (Navy),Specialisation,,
342314,Communication Electronic Technician (Air Force),Specialisation,,
342312,Communication Information Systems Sailor (Navy),Specialisation,,
312412,Communications  Engineering Technician,Specialisation,,
312411,Communications and Data Systems Drafting Officer,Specialisation,,
342312,Communications and Information Systems Controller (Air Force),Specialisation,,
263312,Communications Consultant,Alternative Title,,
599914,Communications Controller,Alternative Title,,
131114,Communications Manager,Alternative Title,,
342312,Communications Operator,Principal Title,,
263312,Communications Specialist (ICT),Alternative Title,,
342414,Communications Technician,Alternative Title,,
272611,Community Artist,Alternative Title,,
139911,Community Arts Centre Manager,Specialisation,,
272611,Community Arts Officer,Alternative Title,,
272611,Community Arts Worker,Principal Title,,
111311,Community Board Member (NZ),Specialisation,,
272611,Community Cultural Development Officer,Specialisation,,
411711,Community Development Officer,Specialisation,,
251911,Community Health Worker,Alternative Title,,
224912,Community Liaison Officer,Specialisation,,
254111,Community Midwife,Specialisation,,
251513,Community Pharmacist,Alternative Title,,
131114,Community Relations Manager,Specialisation,,
411711,Community Support Worker,Specialisation,,
411711,Community Worker,Principal Title,,
733111,Compactor Driver (Rubbish Collection),Specialisation,,
221211,Company Secretary,Principal Title,,
252299,Complementary Health Therapists nec,Principal Title,,
211211,Composer,Principal Title,,
399111,Composite Boat Builder,Specialisation,,
261313,Computer Applications Engineer,Specialisation,,
263111,Computer Network and Systems Engineer,Principal Title,,
263111,Computer Network Engineer,Specialisation,,
712311,Computer Numeric Control Machine Operator,Specialisation,,
312412,Computer Numeric Control Technician,Specialisation,,
263211,Computer Systems Auditor,Specialisation,,
263111,Computer Systems Integrator,Specialisation,,
313199,Computer Systems Technician,Occupation in nec category,,
712914,Concrete Batching Plant Operator,Principal Title,,
712915,Concrete Boom Operator,Specialisation,,
711112,Concrete Pipe Machine Operator,Specialisation,,
711112,Concrete Precast Moulder,Specialisation,,
711112,Concrete Products Machine Operator,Principal Title,,
712915,Concrete Pump Operator,Principal Title,,
711112,Concrete Tile Machine Operator,Specialisation,,
821211,Concrete Worker,Alternative Title,,
821211,Concreter,Principal Title,,
831113,Confectionery Maker,Principal Title,,
149311,Conference and Event Organiser,Principal Title,,
224214,Configuration Management Technician (Naval Shipbuilding),Specialisation,,
234311,Conservation Officer,Principal Title,,
232111,Conservation or Heritage Architect,Specialisation,,
234911,Conservator,Principal Title,,
233213,Construction Economist,Alternative Title,,
312114,Construction Estimator,Principal Title,,
721211,Construction Plant Operator (General),Alternative Title,,
133111,Construction Project Manager,Principal Title,,
821711,Construction Rigger,Principal Title,,
821111,Construction Worker,Alternative Title,,
541111,Contact Centre Supervisor,Alternative Title,,
832112,Container Filler,Principal Title,,
211112,Contemporary or Modern Dancer,Specialisation,,
225114,Content Creator (Marketing),Principal Title,,
252511,Continence and Women's Health Physiotherapist,Specialisation,,
399599,Continuity Person,Occupation in nec category,,
261316,Continuous Integration Engineer,Specialisation,,
511111,Contract Administrator,Principal Title,,
511111,Contract Officer,Alternative Title,,
599914,Control Room Operator,Alternative Title,,
312411,Control Systems Drafting Officer,Specialisation,,
599111,Conveyancer,Principal Title,,
351411,Cook,Principal Title,,
851299,Cook's Assistant,Occupation in nec category,,
394299,Cooper,Occupation in nec category,,
711411,Copy Camera Operator,Specialisation,,
394213,Copy Lathe Operator,Specialisation,,
212411,Copywriter,Principal Title,,
322114,Coremaker,Specialisation,,
131114,Corporate Affairs Manager,Alternative Title,,
111211,Corporate General Manager,Principal Title,,
224611,Corporate Librarian,Specialisation,,
132411,Corporate Planning Manager,Specialisation,,
131114,Corporate Relations Manager,Alternative Title,,
132111,Corporate Services Manager,Principal Title,,
221212,Corporate Treasurer,Principal Title,,
442111,Correctional Officer,Alternative Title,,
442111,Corrections Officer,Alternative Title,,
241599,Correspondence School Teacher,Occupation in nec category,,
233999,Corrosion Engineer,Occupation in nec category,,
621111,Cosmetic Sales Assistant,Specialisation,,
711911,Cosmetics Machine Operator,Specialisation,,
221112,Cost Accountant,Alternative Title,,
551112,Cost Clerk,Principal Title,,
232311,Costume Designer,Specialisation,,
393213,Costume Maker,Specialisation,,
842211,Cotton Farm Worker,Principal Title,,
711716,Cotton Ginner,Specialisation,,
121511,Cotton Grower,Principal Title,,
721111,Cotton Picking Machine Operator,Specialisation,,
111311,Councillor,Alternative Title,,
111399,"Councillor, Aboriginal Land Council",Occupation in nec category,,
272399,Counselling Psychologist,Occupation in nec category,,
272199,Counsellors nec,Principal Title,,
561211,Courier,Principal Title,,
599213,Court Attendant,Alternative Title,,
599212,Court Bailiff or Sheriff (Aus) / Court Collections Officer (NZ),Principal Title,,
599213,Court Officer,Alternative Title,,
599213,Court Orderly (Aus) / Court Registry Officer (NZ),Principal Title,,
532112,Court Reporter,Specialisation,,
599213,Court Usher,Specialisation,,
249299,Craft Teacher (Private Tuition),Occupation in nec category,,
821911,Crane Chaser,Principal Title,,
712111,"Crane, Hoist or Lift Operator",Principal Title,,
899212,Cray Fishing Hand,Specialisation,,
225111,Creative Director (Advertising),Alternative Title,,
421111,Creche Attendant,Specialisation,,
552211,Credit or Loans Officer (Aus) / Finance Clerk (NZ),Principal Title,,
149914,Credit Union Manager,Specialisation,,
712999,Crematorium Operator,Occupation in nec category,,
451711,Crew Attendant (Air Force),Specialisation,,
441111,Crewman Armoured Personnel Carrier M113 (Army),Specialisation,,
441111,Crewman Australian Light Armoured Vehicle (ASLAV) (Army),Specialisation,,
441111,Crewman Main Battle Tank (Army),Specialisation,,
452317,Cricket Coach,Specialisation,,
452499,Cricketer,Occupation in nec category,,
224411,Criminal Intelligence Analyst,Specialisation,,
272499,Criminologist,Occupation in nec category,,
212499,Critic,Occupation in nec category,,
121399,Crocodile Farmer,Occupation in nec category,,
842299,Crop Farm Workers nec,Principal Title,,
899913,Crossing Supervisor,Principal Title,,
431311,Croupier,Alternative Title,,
442213,Crowd Controller,Principal Title,,
712999,Crushing Machine Operator,Occupation in nec category,,
139911,Cultural Centre Manager,Specialisation,,
272411,Cultural Historian,Specialisation,,
249111,Curriculum Advisory Teacher,Specialisation,,
821412,Curtain Fitter,Specialisation,,
442111,Custodial Officer,Specialisation,,
591117,Customer Orders Clerk,Alternative Title,,
149212,Customer Service Manager,Principal Title,,
591212,Customs Agent,Specialisation,,
591212,Customs Broker,Specialisation,,
599511,Customs Inspector,Alternative Title,,
599511,Customs Investigator,Specialisation,,
599511,Customs Officer,Principal Title,,
262114,Cyber Governance Risk and Compliance Specialist,Principal Title,,
262115,Cyber Security Advice and Assessment Specialist,Principal Title,,
262115,Cyber Security Adviser,Alternative Title,,
262116,Cyber Security Analyst,Principal Title,,
262117,Cyber Security Architect,Principal Title,,
262115,Cyber Security Consultant,Alternative Title,,
261312,Cyber Security Developer,Specialisation,,
261315,Cyber Security Engineer,Principal Title,,
262118,Cyber Security Incident Responder,Specialisation,,
262118,Cyber Security Operations Coordinator,Principal Title,,
262118,Cyber Security Operations Manager,Alternative Title,,
262116,Cyber Security Researcher or Vulnerability Researcher,Specialisation,,
262116,Cyber Security Vulnerability Assessor,Specialisation,,
262116,Cyber Threat Analyst,Specialisation,,
452299,Cycle Touring Guide,Occupation in nec category,,
452499,Cyclist,Occupation in nec category,,
121313,Dairy Cattle Farm Manager,Alternative Title,,
842313,Dairy Cattle Farm Worker,Principal Title,,
121313,Dairy Cattle Farmer,Principal Title,,
363213,Dairy Herd Manager,Alternative Title,,
311411,Dairy Laboratory Technician,Specialisation,,
831114,Dairy Products Maker,Principal Title,,
311314,Dairy Quality Assurance Officer,Specialisation,,
249212,Dance Teacher (Private Tuition),Principal Title,,
252299,Dance Therapist,Occupation in nec category,,
211112,Dancer or Choreographer,Principal Title,,
711411,Dark Room Attendant,Specialisation,,
224114,Data Analyst,Principal Title,,
532111,Data Entry Operator,Principal Title,,
532111,Data Processing Operator,Alternative Title,,
224115,Data Scientist,Principal Title,,
262111,Database Administrator,Principal Title,,
262111,Database Analyst,Specialisation,,
261313,Database Designer,Specialisation,,
261312,Database Developer,Specialisation,,
262111,Database Operator,Alternative Title,,
261312,Database Programmer (Systems),Specialisation,,
262111,Database Specialist,Alternative Title,,
262111,Database Support,Alternative Title,,
262111,DBA,Alternative Title,,
134411,Dean (University),Specialisation,,
711314,Debarker Operator,Specialisation,,
599311,Debt Collector,Principal Title,,
599311,Debt Recovery Officer,Alternative Title,,
899211,Deck Hand,Principal Title,,
231214,Deck Officer,Alternative Title,,
899212,Deep Sea Commercial Fishing Hand,Specialisation,,
842399,Deer Farm Worker,Occupation in nec category,,
121314,Deer Farmer,Principal Title,,
441111,Defence Force Member - Other Ranks,Principal Title,,
111212,Defence Force Senior Officer,Principal Title,,
224411,Defence Intelligence Analyst,Specialisation,,
591112,Delivery Clerk,Specialisation,,
224712,Delivery Coach,Specialisation,,
732111,Delivery Driver,Principal Title,,
351311,Demi Chef,Specialisation,,
224116,Demographer,Specialisation,,
423211,Dental Assistant,Principal Title,,
423211,Dental Chairside Assistant,Alternative Title,,
411211,Dental Hygienist,Principal Title,,
411213,Dental Laboratory Assistant,Specialisation,,
423211,Dental Nurse,Alternative Title,,
512211,Dental Practice Manager,Specialisation,,
252312,Dental Practitioner,Alternative Title,,
411212,Dental Prosthetist,Principal Title,,
252311,Dental Specialist,Principal Title,,
252312,Dental Surgeon,Alternative Title,,
411213,Dental Technician,Principal Title,,
411214,Dental Therapist,Principal Title,,
252312,Dentist,Principal Title,,
134212,Deputy Director of Nursing,Specialisation,,
222211,Derivatives Trader,Specialisation,,
253911,Dermatologist,Principal Title,,
821912,Derrick Hand,Specialisation,,
392211,Desktop Publishing Operator,Specialisation,,
591211,Despatch Clerk,Alternative Title,,
591211,Despatching and Receiving Clerk,Principal Title,,
441311,Detective,Principal Title,,
441311,Detective Sergeant,Specialisation,,
261312,Developer Programmer,Principal Title,,
261316,Devops Engineer,Principal Title,,
251911,Diabetes Educator,Specialisation,,
253315,Diabetologist,Specialisation,,
253917,Diagnostic and Interventional Radiologist,Principal Title,,
311299,Dialysis Technician,Occupation in nec category,,
399411,Diamond Cutter,Specialisation,,
323412,Die Caster,Specialisation,,
323412,Die Sinker,Specialisation,,
323211,Diesel Fitter-Mechanic,Specialisation,,
321212,Diesel Motor Mechanic,Principal Title,,
251111,Dietitian,Principal Title,,
312412,Digital Controls Technician,Specialisation,,
225115,Digital Marketing Analyst,Principal Title,,
232413,Digital Media Designer,Alternative Title,,
711411,Digital Photographic Printer,Specialisation,,
392312,Digital Printer,Specialisation,,
712211,Directional Driller,Specialisation,,
212312,"Director (Film, Television, Radio or Stage)",Principal Title,,
134211,Director of Clinical Services,Specialisation,,
134211,Director of Medical Services,Specialisation,,
134212,Director of Nursing,Alternative Title,,
134299,Director of Pharmacy,Occupation in nec category,,
212313,Director of Photography,Principal Title,,
134299,Director of Physiotherapy Services,Occupation in nec category,,
134299,Director of Speech Pathology,Occupation in nec category,,
111111,Director-General,Specialisation,,
411712,Disabilities Services Officer,Principal Title,,
224912,Disability Liaison Officer,Specialisation,,
134299,Disability Services Program Manager,Occupation in nec category,,
211199,Disc Jockey (Nightclub),Occupation in nec category,,
212113,Disc Jockey (Radio),Specialisation,,
851311,Dishwasher,Specialisation,,
311215,Dispensary Technician,Alternative Title,,
241599,Distance Education Teacher,Occupation in nec category,,
271211,District Court Judge,Specialisation,,
452311,Dive Master,Specialisation,,
399911,Diver,Principal Title,,
411311,Diversional Therapist,Principal Title,,
423314,Diversional Therapist's Assistant,Specialisation,,
452315,Diving Coach,Specialisation,,
452311,Diving Instructor (Open Water),Principal Title,,
711314,Docking Saw Operator,Specialisation,,
452318,Dog and Horse Racing Official,Principal Title,,
121399,Dog Breeder,Occupation in nec category,,
361111,Dog Handler or Trainer,Principal Title,,
451899,Dog Walker,Occupation in nec category,,
821911,Dogman/woman,Specialisation,,
811311,Domestic Cleaner,Principal Title,,
811412,Domestic Housekeeper,Principal Title,,
451612,Domestic Travel Consultant,Specialisation,,
451813,Dominatrix,Specialisation,,
431912,Doorperson or Luggage Porter,Principal Title,,
621712,Door-to-door Fundraising Collector,Specialisation,,
621712,Door-to-door Salesperson,Principal Title,,
351111,Dough Maker,Specialisation,,
712212,Dragline Operator,Specialisation,,
312115,Drainage Inspector,Specialisation,,
821112,"Drainage, Sewerage and Stormwater Labourer",Principal Title,,
334113,Drainer,Principal Title,,
249213,Drama Teacher (Private Tuition),Principal Title,,
252299,Drama Therapist,Occupation in nec category,,
231213,Dredge Master,Specialisation,,
721999,Dredge Operator,Occupation in nec category,,
452313,Dressage Instructor,Specialisation,,
393213,Dressmaker or Tailor,Principal Title,,
249299,Dressmaking Teacher (Private Tuition),Occupation in nec category,,
712211,Driller,Principal Title,,
821912,Driller's Assistant,Principal Title,,
821912,Driller's Offsider,Alternative Title,,
712211,Drilling Plant Operator,Alternative Title,,
431511,Drink Waiter,Specialisation,,
621611,Driveway Attendant,Alternative Title,,
451211,Driving Instructor,Principal Title,,
272112,Drug and Alcohol Counsellor,Principal Title,,
311499,Drug and Alcohol Tester,Occupation in nec category,,
211213,Drummer,Specialisation,,
839412,Dry Mill Worker (NZ),Specialisation,,
811512,Drycleaner,Principal Title,,
712916,Dryerman/woman (Paper Mill),Specialisation,,
333211,Drywall Plasterer,Alternative Title,,
399516,Dubbing Machine Operator,Specialisation,,
141311,Duty Manager (Hotel),Specialisation,,
253515,"Ear, Nose and Throat Specialist",Alternative Title,,
241111,Early Childhood (Pre-primary School) Teacher,Principal Title,,
421111,Early Childhood Worker,Specialisation,,
311412,Earth Science Laboratory Technician,Specialisation,,
311412,Earth Science Technical Officer,Alternative Title,,
311412,Earth Science Technician,Principal Title,,
821113,Earthmoving Labourer,Principal Title,,
721211,Earthmoving Plant Operator (General),Principal Title,,
311413,Ecological Technical Officer,Specialisation,,
234313,Ecologist,Specialisation,,
224311,Econometrician,Specialisation,,
224311,Economic Analyst,Alternative Title,,
224311,Economic Forecaster,Specialisation,,
272411,Economic Historian,Specialisation,,
224311,Economist,Principal Title,,
394213,Edge Bander Operator,Specialisation,,
212499,Editorial Assistant,Occupation in nec category,,
249111,Education Adviser,Principal Title,,
134499,Education Managers nec,Principal Title,,
249111,Education Officer,Specialisation,,
223311,Education Officer (Air Force and Army),Specialisation,,
249112,Education Reviewer,Principal Title,,
272312,Educational Psychologist,Principal Title,,
831199,Egg Factory Worker,Occupation in nec category,,
832199,Egg Packer,Occupation in nec category,,
121321,Egg Producer,Specialisation,,
224999,Electoral Officer,Occupation in nec category,,
224911,Electorate Officer,Principal Title,,
731311,Electric Train Driver,Specialisation,,
832211,Electrical and Electronic Assembler,Specialisation,,
341111,Electrical Contractor,Alternative Title,,
233311,Electrical Design Engineer,Specialisation,,
233311,Electrical Engineer,Principal Title,,
312311,Electrical Engineering Design Draftsperson,Specialisation,,
312311,Electrical Engineering Detail Draftsperson,Specialisation,,
312311,Electrical Engineering Drafting Officer,Specialisation,,
312311,Electrical Engineering Draftsperson,Principal Title,,
312312,Electrical Engineering Laboratory Technician,Specialisation,,
312312,Electrical Engineering Technical Officer,Alternative Title,,
312312,Electrical Engineering Technician,Principal Title,,
341111,Electrical Fitter,Alternative Title,,
312113,Electrical Installation Inspector,Specialisation,,
312312,Electrical Instrument Technician,Specialisation,,
342211,Electrical Linesworker (Distribution) / Electrical Line Mechanic (Distribution),Specialisation,,
342211,Electrical Linesworker (Transmission) / Electrical Line Mechanic (Transmission),Specialisation,,
342211,Electrical Linesworker / Electrical Line Mechanic,Principal Title,,
899914,Electrical or Telecommunications Trades Assistant,Principal Title,,
341111,Electrician (General),Principal Title,,
341112,Electrician (Special Class),Principal Title,,
311212,Electrocardiographic Technician,Specialisation,,
311299,Electroencephalographic Technician,Occupation in nec category,,
322112,Electroformer,Specialisation,,
451111,Electrologist (Hair Remover),Specialisation,,
312411,Electronic Engineering Draftsperson,Principal Title,,
312412,Electronic Engineering Technician,Principal Title,,
342313,Electronic Equipment Trades Worker,Principal Title,,
261211,Electronic Game Developer,Alternative Title,,
342314,Electronic Instrument Trades Worker (General),Principal Title,,
342315,Electronic Instrument Trades Worker (Special Class),Principal Title,,
342314,Electronic Technician (Navy),Specialisation,,
441111,Electronic Warfare - Linguist (Navy),Specialisation,,
441111,Electronic Warfare - Technical (Navy),Specialisation,,
312411,Electronics Detail Draftsperson,Specialisation,,
233411,Electronics Engineer,Principal Title,,
322112,Electroplater,Principal Title,,
712111,Elevated Work Platform Operator,Specialisation,,
249213,Elocution Teacher,Specialisation,,
451399,Embalmer,Occupation in nec category,,
711311,Embosser,Specialisation,,
711611,Embroiderer,Specialisation,,
253912,Emergency Medicine Specialist,Principal Title,,
253912,Emergency Physician,Alternative Title,,
441211,Emergency Response Officer,Alternative Title,,
441211,Emergency Service Worker,Principal Title,,
223112,Employment Consultant,Alternative Title,,
599411,Employment Office Clerk,Alternative Title,,
842399,Emu Farm Worker,Occupation in nec category,,
121399,Emu Farmer,Occupation in nec category,,
253315,Endocrinologist,Principal Title,,
252311,Endodontist,Specialisation,,
312199,Energy Assessor,Occupation in nec category,,
222111,Energy Trader,Specialisation,,
233511,Engineering Assurance Engineer,Specialisation,,
133211,Engineering Manager,Principal Title,,
323411,Engineering Patternmaker,Principal Title,,
712311,Engineering Production Worker,Principal Title,,
233999,Engineering Professionals nec,Principal Title,,
232212,Engineering Surveyor,Specialisation,,
233914,Engineering Technologist,Principal Title,,
249311,English as a Second Language Teacher,Alternative Title,,
323311,Engraver,Principal Title,,
411411,Enrolled Nurse,Principal Title,,
262117,Enterprise Security Architect,Alternative Title,,
211113,Entertainer or Variety Artist,Principal Title,,
149111,Entertainment Centre Manager,Alternative Title,,
899921,Entertainment Usher,Specialisation,,
234521,Entomologist,Principal Title,,
234521,Entomologist (Biosecurity),Specialisation,,
234312,Environmental Adviser,Alternative Title,,
234312,Environmental Auditor,Alternative Title,,
234312,Environmental Consultant,Principal Title,,
232511,Environmental Designer,Specialisation,,
224311,Environmental Economist,Specialisation,,
234399,Environmental Educator,Occupation in nec category,,
233915,Environmental Engineer,Principal Title,,
251311,Environmental Health Officer,Principal Title,,
139912,Environmental Manager,Principal Title,,
234312,Environmental Officer,Alternative Title,,
234313,Environmental Research Scientist,Principal Title,,
234313,Environmental Scientist,Alternative Title,,
234399,Environmental Scientists nec,Principal Title,,
311413,Environmental Technical Officer,Specialisation,,
234513,Enzyme Chemist,Specialisation,,
224116,Epidemiologist,Specialisation,,
149915,Equipment Hire Manager,Principal Title,,
222299,Equities Analyst,Occupation in nec category,,
261317,Ethical Hacker,Alternative Title,,
149311,Event Manager,Alternative Title,,
149311,Event Planner,Specialisation,,
899923,Events Traffic Controller,Specialisation,,
599999,Examination Supervisor,Occupation in nec category,,
721214,Excavator Operator,Principal Title,,
111111,Executive Director,Specialisation,,
134212,Executive Director of Nursing,Specialisation,,
212112,Executive Producer,Specialisation,,
234915,Exercise Physiologist,Principal Title,,
361116,Exercise Rider,Alternative Title,,
899413,Exhaust and Muffler Fitter,Alternative Title,,
899413,Exhaust and Muffler Repairer,Principal Title,,
232411,Exhibition Designer,Specialisation,,
149311,Exhibition Organiser,Specialisation,,
211112,Exotic Dancer,Specialisation,,
712211,Exploration Driller,Specialisation,,
711911,Explosives Mixer Operator,Specialisation,,
221213,External Auditor,Principal Title,,
131114,External Relations Manager,Specialisation,,
211199,Extra (Film or Television),Occupation in nec category,,
711514,Extruding Machine Operator (Plastics),Specialisation,,
253914,Eye Specialist,Alternative Title,,
253914,Eye Surgeon,Alternative Title,,
839914,Fabric and Textile Factory Worker,Principal Title,,
399411,Faceter,Specialisation,,
599916,Facilities Administrator,Principal Title,,
599916,Facilities Assistant,Alternative Title,,
599916,Facilities Coordinator,Alternative Title,,
149913,Facilities Manager,Principal Title,,
599916,Facilities Officer,Alternative Title,,
839999,Factory Process Workers nec,Principal Title,,
134411,Faculty Head,Principal Title,,
149111,Fairground Operator,Specialisation,,
272113,Family and Marriage Counsellor,Principal Title,,
272113,Family Court Counsellor,Specialisation,,
271211,Family Court Justice,Specialisation,,
271299,Family Court Registrar,Occupation in nec category,,
421112,Family Day Care Worker,Principal Title,,
421112,Family Day Carer,Alternative Title,,
271299,Family Law Mediator,Occupation in nec category,,
411713,Family Support Worker,Principal Title,,
121711,Farmer and Grazier,Alternative Title,,
322113,Farrier,Principal Title,,
334115,Fascia and Guttering Installer,Specialisation,,
232311,Fashion Designer,Principal Title,,
211311,Fashion Photographer,Specialisation,,
851111,Fast Food Cook,Principal Title,,
732111,Fast Food Delivery Driver,Specialisation,,
142111,Fast Food Manager,Specialisation,,
621111,Fast Food Sales Assistant,Specialisation,,
212413,Feature Writer,Specialisation,,
212412,Features Editor,Specialisation,,
711712,Fellmongering Machine Operator,Specialisation,,
839917,Fellmongery Worker,Specialisation,,
711799,Feltmaker,Occupation in nec category,,
821311,Fence Erector,Alternative Title,,
821311,Fencer,Principal Title,,
899211,Ferry Hand,Specialisation,,
711199,Fibre Cement Moulder,Occupation in nec category,,
399999,Fibre Composite Technician,Occupation in nec category,,
342412,Fibre Optic Cable Splicer,Specialisation,,
342412,Fibre Optics Jointer,Specialisation,,
311499,Fibre Technologist,Occupation in nec category,,
711515,Fibreglass Gun Hand,Specialisation,,
711515,Fibreglass Laminator,Specialisation,,
839211,Fibreglass Lay Up Worker,Specialisation,,
561311,Filing or Registry Clerk,Principal Title,,
212314,Film and Video Editor,Principal Title,,
232411,Film and Video Graphics Designer,Specialisation,,
224211,Film Archivist,Specialisation,,
839311,Film Examiner,Specialisation,,
711411,Film Process Operator,Specialisation,,
212112,Film Producer,Specialisation,,
212399,"Film, Television, Radio and Stage Directors nec",Principal Title,,
222112,Finance Broker,Principal Title,,
132211,Finance Director,Alternative Title,,
132211,Finance Manager,Principal Title,,
551211,Financial Administration Officer,Specialisation,,
132211,Financial Administrator,Specialisation,,
221111,Financial Analyst,Specialisation,,
222199,Financial Brokers nec,Principal Title,,
132211,Financial Controller,Alternative Title,,
222299,Financial Dealers nec,Principal Title,,
149914,Financial Institution Branch Manager,Principal Title,,
222311,Financial Investment Adviser,Principal Title,,
222312,Financial Investment Manager,Principal Title,,
222211,Financial Market Dealer,Principal Title,,
222311,Financial Planning Adviser,Alternative Title,,
221212,Financial Risk Manager,Alternative Title,,
311499,Fingerprint Expert,Occupation in nec category,,
342313,Fire Alarm Technician,Specialisation,,
441212,Fire Engineer (Army),Specialisation,,
399918,Fire Extinguisher Technician,Specialisation,,
441212,Fire Fighter,Principal Title,,
139112,Fire Investigator,Specialisation,,
441212,Fire Prevention Officer,Specialisation,,
399918,Fire Protection Equipment Technician,Principal Title,,
334117,Fire Protection Plumber,Principal Title,,
233999,Fire Safety Engineer,Occupation in nec category,,
731311,Fireperson (Railway),Specialisation,,
451815,First Aid Instructor,Alternative Title,,
451899,First Aid Officer,Occupation in nec category,,
451815,First Aid Trainer,Principal Title,,
399911,Fisheries Diver,Specialisation,,
311311,Fisheries Inspector,Alternative Title,,
311311,Fisheries Officer,Principal Title,,
311114,Fisheries Technical Officer,Specialisation,,
452212,Fishing Guide,Principal Title,,
899212,Fishing Hand,Principal Title,,
363112,Fishing Leading Hand,Principal Title,,
149112,Fitness Centre Manager,Principal Title,,
452111,Fitness Instructor,Principal Title,,
323211,Fitter (General),Principal Title,,
323212,Fitter and Turner,Principal Title,,
323212,Fitter Armament (Army),Specialisation,,
323211,Fitter-Machinist,Specialisation,,
323211,Fitter-Mechanic,Specialisation,,
839111,Fitter's Assistant,Specialisation,,
323213,Fitter-Welder,Principal Title,,
222211,Fixed Interest Dealer,Specialisation,,
331212,Fixing Carpenter,Specialisation,,
711713,Flat Bed Knitter,Specialisation,,
149411,Fleet Manager,Principal Title,,
621311,Fleet Salesperson,Specialisation,,
392311,Flexographic Printing Machinist,Specialisation,,
451711,Flight Attendant,Principal Title,,
231199,Flight Engineer Inspector,Occupation in nec category,,
254499,Flight Nurse,Occupation in nec category,,
312412,Flight Surveyor,Specialisation,,
332111,Floor Finisher,Principal Title,,
332111,Floor Sander,Specialisation,,
121611,Floriculturist,Alternative Title,,
362111,Florist,Principal Title,,
842299,Flower Buncher or Picker,Occupation in nec category,,
121611,Flower Grower,Principal Title,,
452212,Fly Fishing Guide,Specialisation,,
231113,Flying Instructor,Principal Title,,
399512,Focus Puller (Film),Specialisation,,
811511,Folding Machine Operator,Specialisation,,
399516,Foley Artist,Specialisation,,
431511,Food and Beverage Attendant,Alternative Title,,
141111,Food and Beverage Manager,Alternative Title,,
831199,Food and Drink Factory Workers nec,Principal Title,,
251311,Food Safety Auditor,Specialisation,,
251311,Food Safety Officer,Specialisation,,
234212,Food Scientist,Alternative Title,,
234212,Food Technologist,Principal Title,,
851299,Food Trades Assistants nec,Principal Title,,
452317,Football Coach,Specialisation,,
452411,Footballer,Principal Title,,
839915,Footwear Factory Worker,Principal Title,,
711711,Footwear Production Machine Operator,Principal Title,,
222211,Foreign Exchange Dealer,Specialisation,,
224412,Foreign Policy Officer,Specialisation,,
253915,Forensic Pathologist,Specialisation,,
253411,Forensic Psychiatrist,Specialisation,,
272311,Forensic Psychologist,Specialisation,,
133511,Forest Logistics Manager (NZ),Specialisation,,
133511,Forest Manager,Alternative Title,,
362411,Forest Nursery Production Operator,Specialisation,,
234113,Forester / Forest Scientist,Principal Title,,
234113,Forestry Adviser,Specialisation,,
843999,Forestry and Garden Workers nec,Principal Title,,
234113,Forestry Consultant,Specialisation,,
133511,Forestry Contractor (NZ),Specialisation,,
363113,Forestry Operations Supervisor,Principal Title,,
311413,Forestry Technical Officer,Specialisation,,
311413,Forestry Technician,Specialisation,,
843111,Forestry Worker,Principal Title,,
721311,Fork Truck Operator,Alternative Title,,
721311,Forklift Driver,Principal Title,,
721311,Forklift Operator,Alternative Title,,
431511,Formal Service Waiter,Specialisation,,
331212,Formwork Carpenter,Specialisation,,
721112,Forwarder Operator,Specialisation,,
712311,Foundry Operator,Specialisation,,
712916,Fourdrinier Machine Operator,Specialisation,,
612111,Franchise Broker,Specialisation,,
224214,Freedom of Information Officer,Specialisation,,
591211,Freight Clerk,Alternative Title,,
891111,Freight Handler (Rail or Road),Principal Title,,
891111,Freight Loader,Alternative Title,,
394211,French Polisher,Specialisation,,
431411,Front Office Manager (Hotel),Specialisation,,
721216,Front-end Loader Operator,Specialisation,,
839312,Fruit and Vegetable Classer,Specialisation,,
831115,Fruit and Vegetable Factory Worker,Principal Title,,
832113,Fruit and Vegetable Packer,Principal Title,,
842212,Fruit Farm Worker,Principal Title,,
121612,Fruit Grower,Principal Title,,
842213,Fruit Picker,Principal Title,,
451311,Funeral Director,Principal Title,,
451399,Funeral Director's Assistant,Occupation in nec category,,
451399,Funeral Workers nec,Principal Title,,
712311,Furnace Operator (Metals),Specialisation,,
232312,Furniture Designer,Specialisation,,
394211,Furniture Finisher,Principal Title,,
394113,Furniture Maker,Principal Title,,
733113,Furniture Removalist,Principal Title,,
891112,Furniture Removalist's Assistant,Specialisation,,
393311,Furniture Upholsterer,Specialisation,,
222212,Futures Trader,Principal Title,,
451411,Gallery or Museum Attendant,Alternative Title,,
224212,Gallery or Museum Curator,Principal Title,,
451411,Gallery or Museum Guide,Principal Title,,
399311,Gallery or Museum Technician,Principal Title,,
322112,Galvaniser,Specialisation,,
272199,Gambling Counsellor,Occupation in nec category,,
141411,Gaming Manager,Specialisation,,
431311,Gaming Pit Boss,Specialisation,,
431311,Gaming Worker,Principal Title,,
899611,Garbage Depot Worker,Specialisation,,
843211,Garden Labourer,Principal Title,,
362611,Gardener (General),Principal Title,,
399212,Gas Compressor Turbine Operator,Specialisation,,
312611,Gas Examiner,Specialisation,,
399212,Gas or Petroleum Operator,Principal Title,,
839912,Gas Plant Worker,Specialisation,,
312115,Gas Plumbing Inspector,Specialisation,,
334114,Gasfitter,Principal Title,,
253316,Gastroenterologist,Principal Title,,
899921,Gatekeeper,Specialisation,,
399411,Gem Setter,Specialisation,,
111212,General (Army),Specialisation,,
531111,General Clerk,Principal Title,,
253111,General Medical Practitioner,Alternative Title,,
253111,General Practitioner,Principal Title,,
139111,General Service Officer (Army) (Aus),Specialisation,,
251999,Genetic Counsellor,Occupation in nec category,,
311412,Geochemical Laboratory Technician,Specialisation,,
232212,Geodetic Surveyor,Specialisation,,
272499,Geographer,Occupation in nec category,,
232214,Geographic Information Systems Manager,Specialisation,,
272411,Geographical Historian,Specialisation,,
821915,Geological Survey Field Assistant,Specialisation,,
311412,Geological Technical Officer,Specialisation,,
234411,Geologist,Principal Title,,
234412,Geophysicist,Principal Title,,
311412,Geoscience Laboratory Technician,Specialisation,,
232214,Geospatial Analyst,Specialisation,,
441111,Geospatial Imagery Intelligence Analyst (Air Force),Specialisation,,
233212,Geotechnical Engineer,Principal Title,,
312212,Geotechnical Laboratory Technician,Specialisation,,
253411,Geriatric Psychiatrist,Specialisation,,
253399,Geriatrician,Occupation in nec category,,
252511,Gerontological Physiotherapist,Specialisation,,
711716,Gill Box Operator,Specialisation,,
121699,Ginger Farmer,Occupation in nec category,,
312116,GIS Technician,Alternative Title,,
399999,Glass Blower,Occupation in nec category,,
232312,Glass Designer,Specialisation,,
711113,Glass Furnace Operator,Specialisation,,
711113,Glass Laminating Operator,Specialisation,,
711113,Glass Maker,Specialisation,,
711113,Glass Melt Operator,Specialisation,,
839916,Glass Mould Cleaner,Specialisation,,
839916,Glass Processing Worker,Principal Title,,
711113,Glass Production Machine Operator,Principal Title,,
711113,Glass Toughening Operator,Specialisation,,
431911,Glassie,Alternative Title,,
711113,Glassware Maker,Specialisation,,
839313,Glassware Verifier,Specialisation,,
333111,Glazier,Principal Title,,
231113,Gliding Pilot Instructor,Specialisation,,
121315,Goat Farmer,Principal Title,,
842399,Goat Herder,Occupation in nec category,,
399411,Goldsmith,Specialisation,,
149113,Golf Course Manager,Specialisation,,
362312,Golf Course Superintendent,Specialisation,,
452412,Golfer,Principal Title,,
111312,Government Minister,Specialisation,,
721215,Grader Operator,Principal Title,,
811699,Graffiti Cleaner,Occupation in nec category,,
222111,Grain Buyer,Specialisation,,
712912,Grain Handler,Specialisation,,
831116,Grain Mill Worker,Principal Title,,
399999,Grain Protection Officer,Occupation in nec category,,
839312,Grain Quality Technician,Specialisation,,
733111,Grain Truck Driver,Specialisation,,
842214,"Grain, Oilseed, Pulse and Pasture Farm Worker (Aus) / Field Farm Worker (NZ)",Principal Title,,
121512,"Grain, Oilseed, Pulse or Pasture Farm Manager",Alternative Title,,
121512,"Grain, Oilseed, Pulse or Pasture Grower / Field Crop Grower",Principal Title,,
232411,Graphic Artist,Alternative Title,,
232411,Graphic Designer,Principal Title,,
392211,Graphic Pre-press Trades Worker,Principal Title,,
821113,Grave Digger,Specialisation,,
392311,Gravure Printing Machinist,Specialisation,,
362313,Greenkeeper,Alternative Title,,
272199,Grief Counsellor,Occupation in nec category,,
899999,Grip,Occupation in nec category,,
732111,Grocery Deliverer,Specialisation,,
733112,Ground Crewman Aircraft Support (Army),Specialisation,,
441111,Ground Crewman Mission Support (Army),Specialisation,,
139111,Ground Defence Officer (Air Force) (Aus),Specialisation,,
321211,Ground Support Equipment Fitter (Air Force),Specialisation,,
362313,Grounds Curator,Specialisation,,
362313,Groundsperson (Sportsground),Alternative Title,,
111212,Group Captain (Air Force),Specialisation,,
121111,Grow-Out Manager (Aquaculture),Specialisation,,
141999,Guest House Manager,Occupation in nec category,,
211213,Guitarist,Specialisation,,
441111,Gun Number (Army),Specialisation,,
323312,Gunsmith,Principal Title,,
452111,Gym Instructor,Specialisation,,
452312,Gymnastics Coach or Instructor,Principal Title,,
253913,Gynaecological Oncologist,Specialisation,,
451812,Hair or Beauty Salon Assistant,Principal Title,,
142114,Hair or Beauty Salon Manager,Principal Title,,
391111,Hairdresser,Principal Title,,
322111,Hammer Smith,Specialisation,,
839917,Hand Flesher,Specialisation,,
452318,Handicapper (Racing),Specialisation,,
899311,Handyperson,Principal Title,,
452215,Hang-gliding Instructor,Specialisation,,
532112,Hansard Reporter,Specialisation,,
139999,Harbour Master,Occupation in nec category,,
839413,Hardboard Factory Worker,Specialisation,,
621111,Hardware Sales Assistant,Specialisation,,
313111,Hardware Technician,Principal Title,,
452499,Harness Racing Driver,Occupation in nec category,,
133511,Harvest Manager (Forestry),Specialisation,,
721111,Harvester Operator,Specialisation,,
121111,Hatchery Manager (Aquaculture),Specialisation,,
121321,Hatchery Manager (Poultry),Specialisation,,
311114,Hatchery Technician (Aquaculture),Specialisation,,
253515,Head and Neck Surgeon,Alternative Title,,
362312,Head Curator (Sportsground),Specialisation,,
431411,Head Housekeeper,Specialisation,,
431411,Head Porter (Hotel),Specialisation,,
134411,Head Teacher (TAFE),Specialisation,,
134311,Headmaster/mistress,Alternative Title,,
134299,Health and Welfare Services Managers nec,Principal Title,,
423313,Health Care Assistant,Specialisation,,
224213,Health Data Administrator,Specialisation,,
251999,Health Diagnostic and Promotion Professionals nec,Principal Title,,
224311,Health Economist,Specialisation,,
251911,Health Educator,Alternative Title,,
224213,Health Information Manager,Principal Title,,
552312,Health Insurance Assessor,Specialisation,,
512211,Health Practice Manager,Principal Title,,
251911,Health Promotion Officer,Principal Title,,
272311,Health Psychologist,Specialisation,,
312511,Heating and Ventilating Technical Officer,Specialisation,,
233512,Heating and Ventilation Engineer,Specialisation,,
231114,Helicopter Pilot,Principal Title,,
231113,Helicopter Pilot Instructor,Specialisation,,
451513,Herbalist (Western),Principal Title,,
272499,Heritage Consultant,Occupation in nec category,,
399999,Hide and Skin Classer,Occupation in nec category,,
711712,Hide and Skin Fleshing Machine Operator,Specialisation,,
711712,Hide and Skin Processing Machine Operator,Principal Title,,
839917,Hide and Skin Processing Worker,Principal Title,,
271211,High Court Justice,Specialisation,,
811699,High Pressure Cleaner,Occupation in nec category,,
731111,Hire Car Driver,Specialisation,,
272411,Historian,Principal Title,,
451511,Holistic Pulser,Specialisation,,
821412,Home Improvement Installer,Principal Title,,
342313,Home Theatre Technician,Specialisation,,
249111,Home-School Liaison Officer,Specialisation,,
252212,Homoeopath,Principal Title,,
842299,Hop Farm Worker,Occupation in nec category,,
121699,Hop Farmer,Occupation in nec category,,
842318,Horse and Stud Worker,Specialisation,,
361112,Horse Breaker,Specialisation,,
121316,Horse Breeder,Principal Title,,
842314,Horse Hoof Carer,Specialisation,,
451899,Horse Racing Analyst,Occupation in nec category,,
452313,Horse Riding Coach or Instructor,Principal Title,,
121316,Horse Stud Manager,Alternative Title,,
361112,Horse Trainer,Principal Title,,
452299,Horse Trekking Guide,Occupation in nec category,,
363114,Horticultural Chemical Spray Operator,Specialisation,,
121699,Horticultural Crop Growers nec,Principal Title,,
363114,Horticultural Fertigation Manager,Specialisation,,
363114,Horticultural Harvest Supervisor,Specialisation,,
363114,Horticultural Irrigation Manager,Specialisation,,
363114,Horticultural Machine Supervisor,Specialisation,,
843311,Horticultural Nursery Assistant,Principal Title,,
363114,Horticultural Packing Facility Supervisor,Specialisation,,
363114,Horticultural Production Supervisor,Specialisation,,
363114,Horticultural Supervisor or Specialist,Principal Title,,
363114,Horticulture Section Manager,Specialisation,,
111211,Hospital Administrator,Specialisation,,
423311,Hospital Orderly,Principal Title,,
251511,Hospital Pharmacist,Principal Title,,
234611,Hospital Scientist,Alternative Title,,
542112,Hospital Ward Clerk,Alternative Title,,
431999,Hospitality Workers nec,Principal Title,,
149999,"Hospitality, Retail and Service Managers nec",Principal Title,,
141999,Hostel Manager,Occupation in nec category,,
423412,Hostel Parent,Principal Title,,
431411,Hotel Concierge,Specialisation,,
431411,Hotel Office Manager,Specialisation,,
141311,Hotel or Motel Manager,Principal Title,,
542113,Hotel or Motel Receptionist,Principal Title,,
431411,Hotel Service Manager,Principal Title,,
431411,Hotel Service Supervisor,Alternative Title,,
899311,Hotel Yardperson,Specialisation,,
141311,Hotelier,Alternative Title,,
332211,House Painter,Specialisation,,
423412,House Parent,Alternative Title,,
411711,Housing Officer,Specialisation,,
223111,Human Resource Adviser,Principal Title,,
599411,Human Resource Clerk,Principal Title,,
223111,Human Resource Consultant,Alternative Title,,
132311,Human Resource Manager,Principal Title,,
599411,Human Resource Records Clerk,Alternative Title,,
843911,Hunter,Alternative Title,,
843911,Hunter-Trapper,Principal Title,,
452213,Hunting Guide,Principal Title,,
312512,Hydraulic Controls Technician,Specialisation,,
721214,Hydraulic Rockbreaker Operator,Specialisation,,
233211,Hydraulics Engineer,Specialisation,,
234413,Hydrogeologist,Principal Title,,
311415,Hydrographer,Principal Title,,
232212,Hydrographic Surveyor,Specialisation,,
399911,Hyperbaric Welder Diver,Specialisation,,
252299,Hypnotherapist,Occupation in nec category,,
831199,Ice-cream Maker,Occupation in nec category,,
621711,Ice-cream Van Vendor,Specialisation,,
225211,ICT Account Manager,Principal Title,,
261111,ICT Business Analyst,Principal Title,,
225212,ICT Business Development Manager,Principal Title,,
313112,ICT Customer Support Officer,Principal Title,,
261312,ICT Developer,Alternative Title,,
135112,ICT Development Manager,Specialisation,,
313112,ICT Help Desk Officer,Alternative Title,,
313112,ICT Help Desk Technician,Alternative Title,,
135199,ICT Managers nec,Principal Title,,
261312,ICT Programmer,Alternative Title,,
135112,ICT Project Manager,Principal Title,,
263211,ICT Quality Assurance Engineer,Principal Title,,
621211,ICT Sales Assistant,Principal Title,,
225213,ICT Sales Representative,Principal Title,,
262115,ICT Security Adviser,Alternative Title,,
262116,ICT Security Analyst,Alternative Title,,
262117,ICT Security Architect,Alternative Title,,
262115,ICT Security Consultant,Alternative Title,,
261315,ICT Security Engineer,Alternative Title,,
135112,ICT Security Project Manager,Specialisation,,
263299,ICT Support and Test Engineers nec,Principal Title,,
263212,ICT Support Engineer,Principal Title,,
313199,ICT Support Technicians nec,Principal Title,,
263213,ICT Systems Test Engineer,Principal Title,,
223311,ICT Trainer,Specialisation,,
261317,ICT Vulnerability Tester,Alternative Title,,
232412,Illustrator,Principal Title,,
272211,Imam,Specialisation,,
599512,Immigration Officer,Principal Title,,
254499,Immunisation Nurse,Occupation in nec category,,
253915,Immunologist,Specialisation,,
133311,Importer or Exporter,Principal Title,,
591212,Import-Export Clerk,Principal Title,,
843999,Indoor Plant Technician,Occupation in nec category,,
149113,Indoor Sports Centre Manager,Specialisation,,
234211,Industrial Chemist,Specialisation,,
271212,Industrial Court Magistrate,Specialisation,,
232312,Industrial Designer,Principal Title,,
233511,Industrial Engineer,Principal Title,,
233914,Industrial Engineering Technologist,Specialisation,,
399211,Industrial Gas Production Operator,Specialisation,,
621912,Industrial Hire Sales Assistant,Specialisation,,
342315,Industrial Measurement and Control Technician,Alternative Title,,
441211,Industrial Paramedic,Specialisation,,
251512,Industrial Pharmacist,Principal Title,,
272313,Industrial Psychologist,Alternative Title,,
271213,Industrial Relations Commissioner,Specialisation,,
223113,Industrial Relations Officer,Specialisation,,
711211,Industrial Spraypainter,Principal Title,,
224712,Industry Analyst,Specialisation,,
139111,Infantry Officer (Army),Specialisation,,
253399,Infectious Diseases Physician,Occupation in nec category,,
224999,Information and Organisation Professionals nec,Principal Title,,
224999,Information Management Co-ordinator,Occupation in nec category,,
541211,Information Officer,Principal Title,,
262116,Information Security Analyst,Alternative Title,,
261315,Information Security Engineer,Alternative Title,,
711514,Injection Moulding Machine Operator (Plastics),Specialisation,,
221111,Insolvency Consultant,Specialisation,,
221111,Insolvency Practitioner,Specialisation,,
139112,Inspector (Fire Services),Specialisation,,
599599,Inspectors and Regulatory Officers nec,Principal Title,,
392312,Instant Printer Operator,Alternative Title,,
232413,Instructional Designer,Specialisation,,
342314,Instrument and Control Service Person,Alternative Title,,
211213,Instrumentalist,Alternative Title,,
711511,Insulation Extruder Operator,Specialisation,,
611211,Insurance Agent,Principal Title,,
222113,Insurance Broker,Principal Title,,
552312,Insurance Clerk,Alternative Title,,
552312,Insurance Consultant,Principal Title,,
599611,Insurance Investigator,Principal Title,,
599612,Insurance Loss Adjuster,Principal Title,,
599612,Insurance Loss Assessor,Alternative Title,,
599613,Insurance Risk Surveyor,Principal Title,,
611211,Insurance Underwriter,Specialisation,,
233511,Integrated Logistics Support Engineer,Specialisation,,
422112,Integration Aide,Principal Title,,
271214,Intellectual Property Lawyer,Principal Title,,
224411,Intelligence Officer,Principal Title,,
411112,Intensive Care Ambulance Paramedic (Aus) / Ambulance Paramedic (NZ),Principal Title,,
253211,Intensive Care Anaesthetist,Specialisation,,
253317,Intensive Care Medicine Specialist,Alternative Title,,
253317,Intensive Care Specialist,Principal Title,,
253317,Intensivist,Alternative Title,,
232413,Interactive Media Designer,Alternative Title,,
399912,Interior Decorator,Principal Title,,
232511,Interior Designer,Principal Title,,
221214,Internal Auditor,Principal Title,,
591117,Internal Salesperson,Specialisation,,
451612,International Travel Consultant,Specialisation,,
141111,Internet Cafe Manager,Specialisation,,
272412,Interpreter,Principal Title,,
561511,Interviewer,Alternative Title,,
599514,"Invasive Pest, Weed and Disease Inspector",Principal Title,,
591115,Inventory Clerk,Specialisation,,
712916,Inverform Machine Operator,Specialisation,,
551111,Investment Accounting Clerk,Specialisation,,
222199,Investment Broker,Occupation in nec category,,
451511,Iridologist,Specialisation,,
839313,Iron Pellet Tester,Specialisation,,
811513,Ironer or Presser,Principal Title,,
843912,Irrigation Assistant,Principal Title,,
311115,Irrigation Designer,Principal Title,,
843912,Irrigation Orchard Hand,Alternative Title,,
311115,Irrigation Planner,Alternative Title,,
362712,Irrigation Technician,Principal Title,,
843912,Irrigation Worker,Alternative Title,,
135199,IT Service Delivery Manager,Occupation in nec category,,
234611,IVF Embryologist,Specialisation,,
899111,Janitor,Specialisation,,
211214,Jazz Singer,Specialisation,,
399411,Jeweller,Principal Title,,
232313,Jewellery Designer,Principal Title,,
323412,Jigmaker (Metal),Specialisation,,
394213,Jigmaker (Wood),Specialisation,,
452413,Jockey,Principal Title,,
331213,Joiner,Principal Title,,
839413,Joinery Factory Worker,Specialisation,,
212499,Journalists and Other Writers nec,Principal Title,,
271211,Judge,Principal Title,,
271299,Judicial and Other Legal Professionals nec,Principal Title,,
271299,Judicial Registrar,Occupation in nec category,,
712211,Jumbo Operator,Specialisation,,
411716,Juvenile Justice Officer,Specialisation,,
272412,Kai Whakaruruhau (Advisor) (NZ),Specialisation,,
241112,Kaiako Kohanga Reo (Māori Language Nest Teacher),Principal Title,,
241211,Kaiako Kura Kaupapa Māori (Māori-medium Primary School Teacher),Principal Title,,
241411,Kaiako Kura Tuarua (NZ),Specialisation,,
411512,Kaiāwhina (Hauora) (Māori Health Assistant),Principal Title,,
422113,Kaiāwhina Kohanga Reo (Māori Language Nest Assistant),Principal Title,,
422114,Kaiāwhina Kura Kaupapa Māori (Māori-medium School Assistant),Principal Title,,
733111,Kaitaraiwa Taraka (NZ),Specialisation,,
111211,Kaiwhakahaere (NZ),Specialisation,,
132311,Kaiwhakahaere Tumu (NZ),Specialisation,,
399999,Kayak Maker,Occupation in nec category,,
842299,Kelp Harvester,Occupation in nec category,,
361115,Kennel Hand,Principal Title,,
561199,Keno Terminal Operator,Occupation in nec category,,
839913,Kiln Labourer,Specialisation,,
712311,Kiln Operator (Metals),Specialisation,,
422115,Kindergarten Assistant,Specialisation,,
241111,Kindergarten Teacher,Alternative Title,,
451511,Kinesiologist,Specialisation,,
394112,Kitchen Installer,Specialisation,,
851311,Kitchen Steward,Alternative Title,,
851311,Kitchenhand,Principal Title,,
711713,Knitting Machine Operator,Principal Title,,
224999,Knowledge Manager,Occupation in nec category,,
392311,Label Printing Machinist,Specialisation,,
832112,Labelling Machine Operator,Specialisation,,
139913,Laboratory Manager,Principal Title,,
224311,Labour Market Economist,Specialisation,,
899999,Labourers nec,Principal Title,,
821913,Lagger,Principal Title,,
842314,Lamb Marker,Specialisation,,
711514,Lamination Machine Operator,Specialisation,,
263112,LAN Administrator,Specialisation,,
234313,Land Degradation Analyst,Specialisation,,
224511,Land Economist,Principal Title,,
232611,Land Planner,Specialisation,,
234311,Landcare Facilitator,Specialisation,,
234111,Landcare Officer,Specialisation,,
232112,Landscape Architect,Principal Title,,
362711,Landscape Gardener,Principal Title,,
211311,Landscape Photographer,Specialisation,,
249299,Language Tutor (Private Tuition),Occupation in nec category,,
399411,Lapidary,Specialisation,,
253515,Laryngologist,Specialisation,,
839212,Latex Foam Worker,Specialisation,,
149999,Laundromat Operator,Occupation in nec category,,
811511,Laundry Worker (General),Principal Title,,
842299,Lavender Farm Worker,Occupation in nec category,,
599214,Law Clerk,Principal Title,,
843211,Lawn Mower,Specialisation,,
321214,Lawnmower Mechanic,Specialisation,,
212413,Leader Writer,Specialisation,,
441212,Leading Firefighter,Specialisation,,
363211,Leading Hand (Beef Cattle),Alternative Title,,
363117,Leading Hand (Vineyard),Alternative Title,,
211499,Leadlighter,Occupation in nec category,,
899915,Leaflet or Newspaper Deliverer,Principal Title,,
452315,Learn to Swim Instructor,Specialisation,,
222112,Lease Broker,Specialisation,,
393112,Leather Goods Maker,Principal Title,,
711712,Leather Production Machine Operator,Alternative Title,,
224211,Legal Archivist,Specialisation,,
599214,Legal Clerk,Alternative Title,,
599112,Legal Executive,Principal Title,,
224611,Legal Librarian,Specialisation,,
271299,Legal Officer,Occupation in nec category,,
512299,Legal Practice Manager,Occupation in nec category,,
271299,Legal Researcher,Occupation in nec category,,
521212,Legal Secretary,Principal Title,,
111399,Legislators nec,Principal Title,,
552211,Lending Consultant,Alternative Title,,
392311,Letterpress Printing Machinist,Specialisation,,
224912,Liaison Officer,Principal Title,,
224611,Librarian,Principal Title,,
599711,Library Assistant,Principal Title,,
599711,Library Attendant,Alternative Title,,
599711,Library Clerk,Alternative Title,,
399312,Library Technician,Principal Title,,
323112,Licensed Aircraft Maintenance Engineer (Airframes),Specialisation,,
323111,Licensed Aircraft Maintenance Engineer (Electrical),Specialisation,,
323112,Licensed Aircraft Maintenance Engineer (Engines),Specialisation,,
323111,Licensed Aircraft Maintenance Engineer (Instruments),Specialisation,,
323111,Licensed Aircraft Maintenance Engineer (Radio),Specialisation,,
141411,Licensed Club Manager,Principal Title,,
712922,Licensed Weigher,Specialisation,,
271212,Licensing Court Magistrate,Specialisation,,
111212,Lieutenant Colonel (Army),Specialisation,,
111212,Lieutenant General (Army),Specialisation,,
611211,Life Assurance Representative,Specialisation,,
272199,Life Coach,Occupation in nec category,,
311413,Life Science Technical Officer,Alternative Title,,
311413,Life Science Technician,Principal Title,,
234511,Life Scientist (General),Principal Title,,
234599,Life Scientists nec,Principal Title,,
452414,Lifeguard,Principal Title,,
341113,Lift Electrician,Alternative Title,,
341113,Lift Mechanic,Principal Title,,
312611,Lifts and Cranes Inspector,Specialisation,,
832211,Light Coil Winder,Specialisation,,
399513,Light Technician,Principal Title,,
212399,Lighting Director,Occupation in nec category,,
731111,Limousine Driver,Specialisation,,
721912,Linemarker,Principal Title,,
811511,Linen Sorter,Specialisation,,
452322,Linesperson (Sport),Specialisation,,
272499,Linguist,Occupation in nec category,,
223112,Literary Agent,Specialisation,,
392311,Lithographic Printing Machinist,Specialisation,,
842314,Livestock Contractor,Alternative Title,,
842399,Livestock Farm Workers nec,Principal Title,,
121399,Livestock Farmers nec,Principal Title,,
733111,Livestock Haulier,Specialisation,,
842314,Livestock Husbandry Worker,Principal Title,,
222111,Livestock Trader,Specialisation,,
121399,Llama Farmer,Occupation in nec category,,
721216,Loader Operator,Principal Title,,
552211,Loans Consultant,Alternative Title,,
552211,Loans Officer,Alternative Title,,
323211,Locomotive Maintainer,Specialisation,,
224999,Lobbyist,Occupation in nec category,,
111311,Local Government Legislator,Principal Title,,
212399,Location Manager (Film or Television),Occupation in nec category,,
323313,Locksmith,Principal Title,,
731311,Locomotive Driver,Alternative Title,,
599517,Locomotive Inspector,Specialisation,,
731311,Locomotive Observer,Specialisation,,
399112,Loftsman/woman (Marine),Specialisation,,
711314,Log Preparer,Specialisation,,
843112,Logger,Alternative Title,,
843112,Logging Assistant,Principal Title,,
721112,Logging Plant Operator,Principal Title,,
733111,Logging Truck Driver,Specialisation,,
224714,Logistics Analyst,Alternative Title,,
591112,Logistics Clerk,Specialisation,,
133611,Logistics Manager,Specialisation,,
133611,Logistics Officer (Air Force),Specialisation,,
711715,Loom Operator,Alternative Title,,
323215,Loom Tuner,Specialisation,,
621999,Lotteries Agent,Occupation in nec category,,
899916,Lube Attendant,Specialisation,,
711999,Machine Operators nec,Principal Title,,
532112,Machine Shorthand Reporter,Principal Title,,
211113,Magician/Illusionist,Specialisation,,
271212,Magistrate,Principal Title,,
251211,Magnetic Resonance Technologist,Specialisation,,
561411,Mail Clerk,Principal Title,,
561411,Mail Officer,Alternative Title,,
591117,Mail Order Clerk,Specialisation,,
392111,Mailhouse Operator (Aus),Specialisation,,
233513,Maintenance Engineer (Shipbuilding),Specialisation,,
323211,Maintenance Fitter,Specialisation,,
312911,Maintenance Planner,Principal Title,,
312911,Maintenance Scheduler,Alternative Title,,
111212,Major General (Army),Specialisation,,
399514,Make Up Artist,Principal Title,,
262116,Malware Analyst,Specialisation,,
221112,Management Accountant,Principal Title,,
224713,Management Consultant,Principal Title,,
134299,Manager of Allied Health Services,Occupation in nec category,,
111211,Managing Editor,Specialisation,,
451111,Manicurist,Specialisation,,
133411,Manufacturer,Principal Title,,
741111,Manufacturing Storeperson,Specialisation,,
224211,Manuscripts Archivist,Specialisation,,
224912,Māori Liaison Adviser,Specialisation,,
252511,Māori Physiotherapist (NZ),Specialisation,,
711114,Marble Cutter,Specialisation,,
831199,Margarine Maker,Occupation in nec category,,
149999,Marina Manager,Occupation in nec category,,
234516,Marine Biologist,Principal Title,,
712911,Marine Engine Driver,Specialisation,,
231212,Marine Engineer,Alternative Title,,
234411,Marine Geologist,Specialisation,,
231299,Marine Safety Officer,Occupation in nec category,,
441111,Marine Specialist (Army),Specialisation,,
451799,Marine Steward,Occupation in nec category,,
231215,Marine Surveyor,Principal Title,,
231299,Marine Transport Professionals nec,Principal Title,,
121611,Market Gardener (Flowers) (Aus),Specialisation,,
121612,Market Gardener (Fruit) (Aus),Specialisation,,
121616,Market Gardener (Vegetables) (Aus),Specialisation,,
225112,Market Research Analyst,Principal Title,,
561511,Market Research Interviewer,Specialisation,,
131112,Market Research Manager,Specialisation,,
621713,Market Stall Vendor,Specialisation,,
225113,Marketing Consultant,Alternative Title,,
225113,Marketing Coordinator,Alternative Title,,
225113,Marketing Officer,Alternative Title,,
225113,Marketing Specialist,Principal Title,,
452317,Martial Arts Instructor,Specialisation,,
411611,Massage Therapist,Principal Title,,
231211,Master Fisher,Principal Title,,
233112,Materials Engineer,Principal Title,,
621911,Materials Recycler,Principal Title,,
234999,Materials Scientist,Occupation in nec category,,
224112,Mathematician,Principal Title,,
249299,Maths Tutor (Private Tuition),Occupation in nec category,,
393311,Mattress Maker,Specialisation,,
111311,Mayor,Specialisation,,
732111,Meals on Wheels Driver,Specialisation,,
831211,Meat Boner and Slicer,Principal Title,,
839312,Meat Grader,Specialisation,,
311312,Meat Inspector,Principal Title,,
832114,Meat Packer,Principal Title,,
831311,Meat Process Worker,Principal Title,,
311314,Meat Quality Assurance Officer,Specialisation,,
831211,Meat Trimmer,Specialisation,,
323211,Mechanic (Diesel and Heavy Earthmoving Equipment),Specialisation,,
733115,Mechanic Recovery (Army),Specialisation,,
233512,Mechanical Engineer,Principal Title,,
312511,Mechanical Engineering Draftsperson,Principal Title,,
231212,Mechanical Engineering Officer (Navy),Specialisation,,
312512,Mechanical Engineering Technician,Principal Title,,
312512,Mechanical Laboratory Technician,Specialisation,,
899916,Mechanic's Assistant,Principal Title,,
233999,Mechatronics Engineer,Occupation in nec category,,
222111,Media Buyer,Specialisation,,
225311,Media Liaison Officer,Specialisation,,
561999,Media Monitor,Occupation in nec category,,
212112,Media Producer (excluding Video),Principal Title,,
131114,Media Relations Manager,Specialisation,,
134211,Medical Administrator / Medical Superintendent,Principal Title,,
411411,Medical Assistant (Defence),Specialisation,,
251211,Medical Diagnostic Radiographer,Principal Title,,
233913,Medical Engineer,Specialisation,,
234521,Medical Entomologist,Specialisation,,
393114,Medical Grade Shoemaker,Specialisation,,
253917,Medical Imaging Specialist,Specialisation,,
251211,Medical Imaging Technologist,Alternative Title,,
253112,Medical Intern,Specialisation,,
234611,Medical Laboratory Scientist,Principal Title,,
311213,Medical Laboratory Technical Officer,Alternative Title,,
311213,Medical Laboratory Technician,Principal Title,,
134211,Medical Manager,Alternative Title,,
253111,Medical Officer (Navy),Specialisation,,
253314,Medical Oncologist,Principal Title,,
253314,Medical Oncology Physician,Alternative Title,,
234914,Medical Physicist,Specialisation,,
512211,Medical Practice Manager,Specialisation,,
253999,Medical Practitioners nec,Principal Title,,
253411,Medical Psychotherapist,Specialisation,,
251212,Medical Radiation Therapist,Principal Title,,
542114,Medical Receptionist,Principal Title,,
561311,Medical Record Clerk,Specialisation,,
225412,Medical Representative,Specialisation,,
234611,Medical Scientific Officer,Alternative Title,,
311299,Medical Technicians nec,Principal Title,,
111312,Member of Parliament,Principal Title,,
111312,Member of the Legislative Assembly,Specialisation,,
111312,Member of the Legislative Council,Specialisation,,
254416,Mental Retardation Nurse,Alternative Title,,
599311,Mercantile Agent,Alternative Title,,
639211,Merchandise Planner,Specialisation,,
639112,Merchandiser,Alternative Title,,
322114,Metal Casting Trades Worker,Principal Title,,
839111,Metal Engineering Process Worker,Principal Title,,
322311,Metal Fabricator,Principal Title,,
323299,Metal Fitters and Machinists nec,Principal Title,,
839111,Metal Forger's Assistant,Specialisation,,
323214,Metal Machine Setter,Specialisation,,
323214,Metal Machinist (First Class),Principal Title,,
322114,Metal Moulder,Specialisation,,
839111,Metal Moulder's Assistant,Specialisation,,
322115,Metal Polisher,Principal Title,,
839311,Metal Products Viewer,Specialisation,,
712311,Metal Rolling Mill Operator,Specialisation,,
323214,Metal Turner,Specialisation,,
312912,Metallurgical or Materials Technician,Principal Title,,
234912,Metallurgist,Principal Title,,
311412,Meteorological Observer,Specialisation,,
234913,Meteorologist,Principal Title,,
561912,Meter Reader,Principal Title,,
234999,Metrologist,Occupation in nec category,,
234517,Microbiologist,Principal Title,,
399599,Microphone Boom Operator,Occupation in nec category,,
134311,Middle or Intermediate School Principal,Specialisation,,
241311,Middle School Teacher / Intermediate School Teacher,Principal Title,,
254111,Midwife,Principal Title,,
254111,Midwife Practitioner,Specialisation,,
224913,Migration Agent / Immigration Consultant,Principal Title,,
224913,Migration Consultant,Alternative Title,,
139111,Military Police Officer (Air Force) (NZ),Specialisation,,
139111,Military Police Officer (Army),Specialisation,,
139111,Military Police Officer (Navy) (NZ),Specialisation,,
839312,Milk and Cream Grader,Specialisation,,
831114,Milk Processing Worker,Specialisation,,
733114,Milk Tanker Driver,Specialisation,,
831114,Milk Treater,Specialisation,,
621711,Milk Vendor,Specialisation,,
393299,Milliner,Occupation in nec category,,
323214,Milling Machinist,Specialisation,,
211111,Mime Artist,Specialisation,,
312913,Mine Deputy,Principal Title,,
133513,Mine Manager,Alternative Title,,
133513,Mine Superintendent,Alternative Title,,
232212,Mine Surveyor,Specialisation,,
712212,Miner,Principal Title,,
224311,Mineral Economist,Specialisation,,
821914,Mineral Ore Processing Labourer,Alternative Title,,
312611,Mines Inspector,Specialisation,,
731211,Minibus Driver,Specialisation,,
711411,Minilab Operator,Specialisation,,
312914,Mining Detail Draftsperson,Specialisation,,
233611,Mining Engineer (excluding Petroleum),Principal Title,,
233914,Mining Engineering Technologist,Specialisation,,
712212,Mining Plant Operator,Alternative Title,,
821914,Mining Support Worker,Principal Title,,
312913,Mining Technician,Specialisation,,
272211,Minister of Religion,Principal Title,,
121323,Mixed Cattle and Sheep Farm Manager,Alternative Title,,
121323,Mixed Cattle and Sheep Farmer,Principal Title,,
842499,Mixed Production Farm Workers nec,Principal Title,,
121799,Mixed Production Farmers nec,Principal Title,,
442217,Mobile Patrol Officer,Specialisation,,
621211,Mobile Phone Salesperson,Specialisation,,
721999,Mobile Plant Operators nec,Principal Title,,
639111,Model,Principal Title,,
234514,Molecular Biologist,Specialisation,,
234514,Molecular Geneticist,Specialisation,,
552313,Money Market Clerk,Principal Title,,
222211,Money Market Dealer,Alternative Title,,
272211,Monk,Specialisation,,
331112,Monumental Stonemason,Specialisation,,
222112,Mortgage Broker,Specialisation,,
451311,Mortician,Alternative Title,,
311299,Mortuary Technician,Occupation in nec category,,
411412,Mothercraft Nurse,Principal Title,,
711912,Motion Picture Projectionist,Principal Title,,
211199,Motivational Speaker,Occupation in nec category,,
321211,Motor Mechanic (General),Principal Title,,
599513,Motor Vehicle Licence Examiner,Principal Title,,
621311,Motor Vehicle or Caravan Salesperson,Principal Title,,
899411,Motor Vehicle Parts and Accessories Fitter (General),Principal Title,,
621312,Motor Vehicle Parts Interpreter / Automotive Parts Salesperson,Principal Title,,
621311,Motor Vehicle Salesperson,Alternative Title,,
561211,Motorbike Courier,Specialisation,,
321213,Motorcycle Mechanic,Principal Title,,
451211,Motorcycle Riding Instructor,Specialisation,,
452214,Mountain or Glacier Guide,Principal Title,,
441312,Mounted Police Officer,Specialisation,,
233612,Mud Engineer,Specialisation,,
721999,Mulcher Operator,Occupation in nec category,,
842314,Muleser,Specialisation,,
224611,Multicultural Services Librarian,Specialisation,,
211499,Multimedia Artist,Occupation in nec category,,
232413,Multimedia Designer,Principal Title,,
261211,Multimedia Developer,Alternative Title,,
261211,Multimedia Programmer,Alternative Title,,
261211,Multimedia Specialist,Principal Title,,
839912,Munitions Factory Worker,Specialisation,,
253399,Musculoskeletal Physician (NZ),Occupation in nec category,,
252511,Musculoskeletal Physiotherapist,Specialisation,,
224999,Museum Registrar,Occupation in nec category,,
121699,Mushroom Grower,Occupation in nec category,,
842215,Mushroom Picker,Principal Title,,
211211,Music Arranger,Specialisation,,
211299,Music Copyist,Occupation in nec category,,
211212,Music Director,Principal Title,,
211299,Music Professionals nec,Principal Title,,
211299,Music Researcher,Occupation in nec category,,
249214,Music Teacher (Private Tuition),Principal Title,,
252299,Music Therapist,Occupation in nec category,,
399515,Musical Instrument Maker or Repairer,Principal Title,,
211213,Musician (Instrumental),Principal Title,,
211299,Musicologist,Occupation in nec category,,
831313,Mussel Opener (NZ),Specialisation,,
639911,Mystery Shopper,Specialisation,,
451111,Nail Technician,Specialisation,,
421113,Nanny,Principal Title,,
234999,Natural and Physical Science Professionals nec,Principal Title,,
451511,Natural Remedy Consultant,Principal Title,,
233912,Natural Resources Engineer,Alternative Title,,
252213,Naturopath,Principal Title,,
233916,Naval Architect / Marine Designer,Principal Title,,
441111,Naval Police Coxswain (Navy),Specialisation,,
231214,Navigating Officer (Ship's),Specialisation,,
111212,Navy Senior Officer,Alternative Title,,
253321,Neonatologist,Specialisation,,
253322,Nephrologist,Alternative Title,,
311217,Neurophysiological Technician,Specialisation,,
711799,Net Maker,Occupation in nec category,,
263112,Network Administrator,Principal Title,,
263113,Network Analyst,Principal Title,,
263113,Network Architect,Specialisation,,
263113,Network Consultant,Specialisation,,
263113,Network Designer,Alternative Title,,
135199,Network Manager,Occupation in nec category,,
261312,Network Programmer,Specialisation,,
263112,Network Specialist,Alternative Title,,
263113,Network Strategist,Alternative Title,,
263112,Network Support,Alternative Title,,
313112,Network Support Technician,Specialisation,,
252511,Neurological Physiotherapist,Specialisation,,
253318,Neurologist,Principal Title,,
272311,Neuropsychologist,Specialisation,,
234599,Neuroscientist,Occupation in nec category,,
253513,Neurosurgeon,Principal Title,,
611399,New Home Sales Consultant,Occupation in nec category,,
212412,News Editor,Specialisation,,
211311,News Photographer,Specialisation,,
142111,Newsagent,Specialisation,,
212412,Newspaper or Periodical Editor,Principal Title,,
212413,Newspaper Reporter,Specialisation,,
891211,Night Filler,Alternative Title,,
141411,Nightclub Manager,Specialisation,,
711911,Nitrocellulose Maker,Specialisation,,
312912,Non-destructive Testing Technician,Specialisation,,
212211,Novelist,Specialisation,,
599514,Noxious Weeds and Pest Inspector,Alternative Title,,
253999,Nuclear Medicine Physician,Occupation in nec category,,
251213,Nuclear Medicine Technologist,Principal Title,,
254211,Nurse Educator,Principal Title,,
254311,Nurse Manager,Principal Title,,
254411,Nurse Practitioner,Principal Title,,
254212,Nurse Researcher,Principal Title,,
254311,Nurse Supervisor,Alternative Title,,
254311,Nurse Unit Manager,Alternative Title,,
843311,Nursery Worker (Horticulture),Alternative Title,,
362411,Nurseryperson,Principal Title,,
423312,Nurses' Aide (NZ),Alternative Title,,
411411,Nursing Assistant (NZ),Alternative Title,,
134212,Nursing Clinical Director,Principal Title,,
254499,Nursing Officer (Defence Forces),Occupation in nec category,,
423312,Nursing Support Worker,Principal Title,,
842216,Nut Farm Worker,Principal Title,,
121613,Nut Grower,Principal Title,,
451899,Nutrition Assistant,Occupation in nec category,,
251112,Nutritionist,Principal Title,,
139111,Observer (Navy),Specialisation,,
253211,Obstetric Anaesthetist,Specialisation,,
253913,Obstetrician and Gynaecologist,Principal Title,,
251312,Occupational Health and Safety Adviser,Principal Title,,
251312,Occupational Health and Safety Coordinator,Alternative Title,,
312611,Occupational Health and Safety Inspector,Specialisation,,
132311,Occupational Health and Safety Manager,Specialisation,,
251312,Occupational Health and Safety Officer,Alternative Title,,
252511,Occupational Health Physiotherapist,Specialisation,,
251312,Occupational Hygienist,Specialisation,,
253399,Occupational Medicine Physician,Occupation in nec category,,
272313,Occupational Psychologist,Alternative Title,,
252411,Occupational Therapist,Principal Title,,
423314,Occupational Therapist's Assistant,Specialisation,,
452212,Ocean Fishing Guide,Specialisation,,
234412,Oceanographer,Specialisation,,
234213,Oenologist,Alternative Title,,
831311,Offal Separator,Specialisation,,
631112,Office Cashier,Principal Title,,
342311,Office Equipment Technician,Alternative Title,,
342311,Office Machine Technician,Alternative Title,,
512111,Office Manager,Principal Title,,
733113,Office Mover,Specialisation,,
399911,Offshore Diver,Specialisation,,
399212,Oil and Gas Well Treatment Operator,Alternative Title,,
399212,"Oil, Gas and Pipe Tester",Alternative Title,,
121612,Olive Grower,Specialisation,,
399911,Onshore Diver,Specialisation,,
712212,Opal Miner,Specialisation,,
399411,Opal Polisher,Specialisation,,
312913,Open Cut Examiner,Specialisation,,
211214,Opera Singer,Specialisation,,
254423,Operating Room Nurse,Alternative Title,,
311214,Operating Theatre Technician,Principal Title,,
133511,Operations Manager (Forestry),Specialisation,,
133512,Operations Manager (Production),Specialisation,,
224112,Operations Research Analyst,Specialisation,,
441111,Operator Artillery Meteorology and Surveyor (Army),Specialisation,,
342413,Operator Bearer Systems (Army),Specialisation,,
313112,Operator Command Support Systems (Army),Specialisation,,
441111,Operator Electronic Warfare (Army),Specialisation,,
441111,Operator Ground Based Air Defence (Army),Specialisation,,
342312,Operator Specialist Communications (Army),Specialisation,,
741111,Operator Supply (Army),Specialisation,,
441111,Operator Weapon Locating Radar (Army),Specialisation,,
311299,Ophthalmic Technician,Occupation in nec category,,
253914,Ophthalmologist,Principal Title,,
711511,Optic Fibre Drawer,Specialisation,,
399913,Optical Dispenser / Dispensing Optician,Principal Title,,
399914,Optical Mechanic,Principal Title,,
251411,Optometrist,Principal Title,,
252311,Oral and Maxillofacial Surgeon,Specialisation,,
411214,Oral Health Therapist,Specialisation,,
252311,Oral Pathologist,Specialisation,,
842212,Orchard Worker (Fruit),Specialisation,,
121612,Orchardist,Specialisation,,
211212,Orchestra Conductor,Specialisation,,
591117,Order Clerk,Principal Title,,
741111,Order Picker/Assembler,Specialisation,,
133611,Ordnance Corps Officer (Army),Specialisation,,
224712,Organisation and Methods Analyst,Principal Title,,
272313,Organisational Psychologist,Principal Title,,
252214,Oriental Medicine Practitioner,Alternative Title,,
252311,Orthodontist,Specialisation,,
253514,Orthopaedic Surgeon,Principal Title,,
251412,Orthoptist,Principal Title,,
311299,Orthotic and Prosthetic Technician,Occupation in nec category,,
251912,Orthotist or Prosthetist,Principal Title,,
252112,Osteopath,Principal Title,,
842399,Ostrich Farm Worker,Occupation in nec category,,
121399,Ostrich Farmer,Occupation in nec category,,
312914,Other Draftsperson,Principal Title,,
639911,Other Sales Support Worker,Principal Title,,
232214,Other Spatial Scientist,Principal Title,,
452317,Other Sports Coach or Instructor,Principal Title,,
452323,Other Sports Official,Principal Title,,
711314,Other Wood Processing Machine Operator,Principal Title,,
253515,Otologist,Specialisation,,
253515,Otorhinolaryngologist,Principal Title,,
421114,Out of School Hours Care Worker,Principal Title,,
321214,Outboard Motor Mechanic,Specialisation,,
452299,Outdoor Adventure Guides nec,Principal Title,,
452215,Outdoor Adventure Instructor,Principal Title,,
452215,Outdoor Adventure Leader,Alternative Title,,
452215,Outdoor Education Teacher,Specialisation,,
452215,Outdoor Pursuits Instructor,Specialisation,,
363211,Overseer (Beef Cattle),Alternative Title,,
731199,Oversize Load Pilot Escort,Occupation in nec category,,
121111,Oyster Farmer,Specialisation,,
831313,Oyster Opener,Specialisation,,
832199,Packers nec,Principal Title,,
252511,Paediatric Physiotherapist,Specialisation,,
253516,Paediatric Surgeon,Principal Title,,
253321,Paediatric Thoracic Physician,Specialisation,,
253321,Paediatrician,Principal Title,,
252311,Paedodontist,Specialisation,,
253211,Pain Management Specialist,Specialisation,,
839912,Paint Factory Worker,Specialisation,,
399211,Paint Maker,Specialisation,,
711911,Paint Tinter,Specialisation,,
332211,Painter,Principal Title,,
211411,Painter (Artistic),Alternative Title,,
211411,Painter (Visual Arts),Principal Title,,
332211,Painter and Decorator,Alternative Title,,
234411,Palaeontologist,Specialisation,,
712912,Palletiser Operator,Specialisation,,
253399,Palliative Medicine Physician,Occupation in nec category,,
394213,Panel Saw Operator,Specialisation,,
324111,Panelbeater,Principal Title,,
851311,Pantry Attendant,Specialisation,,
712916,Paper and Pulp Mill Operator,Principal Title,,
839411,Paper and Pulp Mill Worker,Principal Title,,
711311,Paper Bag Making Machinist,Specialisation,,
392111,Paper Guillotine Operator (Bookbinding),Specialisation,,
712916,Paper Machine Operator,Alternative Title,,
712916,Paper Maker,Alternative Title,,
711311,Paper Products Machine Operator,Principal Title,,
712916,Paper Rewinder Operator,Specialisation,,
712916,Paperboard Machine Operator,Specialisation,,
399999,Parachute Rigger,Occupation in nec category,,
452215,Paragliding Instructor,Specialisation,,
234599,Parasitologist,Occupation in nec category,,
561211,Parcel Contractor,Specialisation,,
561412,Parcel Post Officer,Specialisation,,
234314,Park Ranger,Principal Title,,
561913,Parking Inspector,Principal Title,,
111312,Parliamentarian,Alternative Title,,
224211,Parliamentary Archivist,Specialisation,,
271299,Parliamentary Counsel,Occupation in nec category,,
224611,Parliamentary Librarian,Specialisation,,
272499,Parole Board Member,Occupation in nec category,,
411714,Parole or Probation Officer,Principal Title,,
839413,Particleboard Factory Worker,Specialisation,,
621712,Party Plan Salesperson,Specialisation,,
731213,Passenger Coach Driver,Principal Title,,
831199,Pasta Maker,Occupation in nec category,,
831114,Pasteuriser Operator,Specialisation,,
451816,Pastoral Worker,Specialisation,,
351112,Pastrycook,Principal Title,,
851211,Pastrycook's Assistant,Principal Title,,
271214,Patent Attorney,Specialisation,,
224914,Patents Examiner,Principal Title,,
253915,Pathologist,Principal Title,,
311216,Pathology Collector / Phlebotomist,Principal Title,,
254499,Pathology Nurse,Occupation in nec category,,
423311,Patient Services Assistant,Alternative Title,,
411111,Patient Transport Officer,Specialisation,,
393212,Pattern Grader (Clothing),Specialisation,,
393212,Patternmaker-Grader,Specialisation,,
821511,Paving and Surfacing Labourer,Principal Title,,
721913,Paving Plant Operator,Principal Title,,
551311,Pay Clerk,Alternative Title,,
551311,Payroll Clerk,Principal Title,,
551311,Payroll Officer,Alternative Title,,
399911,Pearl Diver,Specialisation,,
399999,Pearl Technician,Occupation in nec category,,
711512,Pelletising Extruder Operator,Specialisation,,
561112,Penciller,Alternative Title,,
261317,Penetration Tester,Principal Title,,
399599,Performing Arts Road Manager,Occupation in nec category,,
399599,Performing Arts Technicians nec,Principal Title,,
311299,Perfusionist,Occupation in nec category,,
252311,Periodontist,Specialisation,,
521111,Personal Assistant,Principal Title,,
423313,Personal Care Assistant,Principal Title,,
423111,Personal Care Worker,Alternative Title,,
423111,Personal Carer,Alternative Title,,
451899,Personal Service Workers nec,Principal Title,,
639911,Personal Shopper,Specialisation,,
223111,Personnel Officer,Specialisation,,
599411,Personnel Records Clerk,Alternative Title,,
843411,Pest Control Technician,Principal Title,,
843411,Pest Controller,Alternative Title,,
843411,Pest Management Technician,Alternative Title,,
361113,Pet Groomer,Principal Title,,
733114,Petrol Tanker Driver,Specialisation,,
399212,Petroleum and Gas Refining and Pumping Operator,Alternative Title,,
399212,Petroleum Blending Plant Operator,Specialisation,,
233612,Petroleum Engineer,Principal Title,,
311411,Petroleum Laboratory Technician,Specialisation,,
312912,Petroleum Products Laboratory Technician,Specialisation,,
312912,Petroleum Refinery Laboratory Technician,Specialisation,,
399212,Petroleum Terminal Plant Operator,Specialisation,,
233612,Petrophysical Engineer,Specialisation,,
251511,Pharmaceutical Officer (Army),Specialisation,,
399211,Pharmaceutical Plant Operator,Specialisation,,
234599,Pharmacologist (Non-clinical),Occupation in nec category,,
621411,Pharmacy Sales Assistant,Principal Title,,
311215,Pharmacy Technician,Principal Title,,
212499,Photo Journalist,Occupation in nec category,,
342311,Photocopier Technician,Specialisation,,
232212,Photogrammetric Surveyor,Specialisation,,
312116,Photogrammetrist,Specialisation,,
211311,Photographer,Principal Title,,
399915,Photographer's Assistant,Principal Title,,
211311,Photographic Artist,Specialisation,,
711411,Photographic Developer and Printer,Principal Title,,
711411,Photographic Enlarger Operator,Specialisation,,
452111,Physical Fitness Trainer,Specialisation,,
252511,Physical Therapist,Alternative Title,,
234914,Physicist,Principal Title,,
234599,Physiologist,Occupation in nec category,,
252511,Physiotherapist,Principal Title,,
423314,Physiotherapist's Assistant,Specialisation,,
512211,Physiotherapy Practice Manager,Specialisation,,
211213,Pianist,Specialisation,,
399515,Piano Tuner,Specialisation,,
394212,Picture Framer,Principal Title,,
212412,Pictures Editor,Specialisation,,
121318,Pig Breeder,Specialisation,,
121318,Pig Farm Manager,Alternative Title,,
121318,Pig Farmer,Principal Title,,
842315,Piggery Farm Worker,Principal Title,,
712111,Pile Driver,Specialisation,,
399211,Pilot Plant Operator,Specialisation,,
312512,Pipe Testing Technician,Specialisation,,
821914,Pit Crew Support Worker,Specialisation,,
441311,Plain Clothes Police Officer,Specialisation,,
224512,Plant and Machinery Valuer,Specialisation,,
133512,Plant Manager (Manufacturing),Specialisation,,
234515,Plant Pathologist,Specialisation,,
234515,Plant Physiologist,Specialisation,,
362411,Plant Propagator,Specialisation,,
234515,Plant Taxonomist,Specialisation,,
711199,Plaster Caster,Occupation in nec category,,
711199,Plaster Machine Operator,Occupation in nec category,,
333211,Plasterer (Wall and Ceiling),Principal Title,,
253517,Plastic and Reconstructive Surgeon,Principal Title,,
711511,Plastic Cablemaking Machine Operator,Principal Title,,
711512,Plastic Compounding and Reclamation Machine Operator,Principal Title,,
323412,Plastic Mould Maker,Specialisation,,
711514,Plastic Production Machine Setter,Specialisation,,
711599,Plastics and Rubber Production Machine Operators nec,Principal Title,,
711513,Plastics Fabricator or Welder,Principal Title,,
839211,Plastics Factory Worker,Principal Title,,
399916,Plastics Fitter,Alternative Title,,
839211,Plastics Process Hand,Alternative Title,,
711514,Plastics Production Machine Operator (General),Principal Title,,
399916,Plastics Technician,Principal Title,,
252299,Play Therapist,Occupation in nec category,,
212211,Playwright,Specialisation,,
334116,Plumber (General),Principal Title,,
334113,Plumber and Drainer,Alternative Title,,
334114,Plumber and Gasfitter,Alternative Title,,
821114,Plumber's Assistant,Principal Title,,
312211,Plumbing Engineering Draftsperson,Specialisation,,
312115,Plumbing Inspector,Principal Title,,
254413,Plunket Nurse (NZ),Specialisation,,
711314,Plywood and Veneer Repairer,Specialisation,,
839413,Plywood Factory Worker,Specialisation,,
252611,Podiatric Surgeon,Specialisation,,
252611,Podiatrist,Principal Title,,
212211,Poet,Specialisation,,
899711,Poker Machine Attendant,Specialisation,,
224912,Police Liaison Officer,Specialisation,,
441312,Police Officer,Principal Title,,
224412,Policy Adviser,Alternative Title,,
224412,Policy Analyst,Principal Title,,
132411,Policy and Planning Manager,Principal Title,,
272499,Political Scientist,Occupation in nec category,,
452313,Polo Coach,Specialisation,,
234999,Polymer Scientist,Occupation in nec category,,
134499,Polytechnic Registrar,Occupation in nec category,,
333411,Pool Tiler,Specialisation,,
211214,Pop Singer,Specialisation,,
711111,Porcelain Turner,Specialisation,,
712111,Portainer Operator,Specialisation,,
222312,Portfolio Manager,Alternative Title,,
211311,Portrait Photographer,Specialisation,,
843911,Possum Trapper (NZ),Specialisation,,
142115,Post Office Manager,Principal Title,,
561212,Postal Delivery Officer,Principal Title,,
561412,Postal Sorting Officer,Principal Title,,
561212,Postie,Alternative Title,,
211412,Potter or Ceramic Artist,Principal Title,,
241212,Pouako Kura Kaupapa Māori (Māori-medium Primary School Senior Teacher),Principal Title,,
831312,Poultry Boner,Specialisation,,
121321,Poultry Farm Manager,Alternative Title,,
842316,Poultry Farm Worker,Principal Title,,
121321,Poultry Farmer,Principal Title,,
831312,Poultry Process Worker,Principal Title,,
831312,Poultry Slaughterer,Specialisation,,
711211,Powder Coater,Specialisation,,
711512,Powder Hand (Plastics),Specialisation,,
712213,Powder Monkey,Alternative Title,,
399213,Power Generation Plant Operator,Principal Title,,
712211,Power Tong Operator,Specialisation,,
131114,PR Manager,Alternative Title,,
512299,Practice Managers nec,Principal Title,,
254421,Practice Nurse,Alternative Title,,
311112,Precision Agricultural Technician,Specialisation,,
323314,Precision Instrument Maker and Repairer,Principal Title,,
111312,Premier,Specialisation,,
712914,Premix Concrete Batcher,Specialisation,,
249111,Preschool Adviser,Specialisation,,
422115,Preschool Aide,Principal Title,,
241111,Preschool Director,Specialisation,,
225311,Press Officer,Specialisation,,
323412,Press-tool Maker,Specialisation,,
312912,Pressure Testing Technician,Specialisation,,
322312,Pressure Welder,Principal Title,,
225113,Pricing Analyst,Specialisation,,
272211,Priest,Specialisation,,
254421,Primary Health Care Nurse (NZ),Alternative Title,,
134213,Primary Health Organisation Manager,Principal Title,,
311399,Primary Products Assurance and Inspection Officers nec,Principal Title,,
311314,Primary Products Quality Assurance Officer,Principal Title,,
134311,Primary School Principal,Specialisation,,
241213,Primary School Teacher,Principal Title,,
241213,Primary School Teacher-Librarian,Specialisation,,
111312,Prime Minister,Specialisation,,
392111,Print Finisher,Principal Title,,
212413,Print Journalist,Principal Title,,
312412,Printed Circuit Board Designer,Specialisation,,
899511,Printer's Assistant,Principal Title,,
899512,Printing Bindery Assistant,Alternative Title,,
323299,Printing Engineer,Occupation in nec category,,
392311,Printing Machinist,Principal Title,,
899512,Printing Table Hand,Alternative Title,,
899512,Printing Table Worker,Principal Title,,
442111,Prison Officer,Principal Title,,
442214,Private Inquiry Agent,Alternative Title,,
442214,Private Investigator,Principal Title,,
249299,Private Tutors and Teachers nec,Principal Title,,
224712,Procedures Analyst,Alternative Title,,
312412,Process Control Technician,Specialisation,,
233511,Process Engineer (Industrial),Specialisation,,
233611,Process Engineer (Mining),Specialisation,,
363111,Processing Supervisor (Aquaculture),Specialisation,,
133612,Procurement Manager,Principal Title,,
591113,Procurement Officer,Alternative Title,,
224999,Procurement Specialist,Occupation in nec category,,
221112,Product Accountant,Specialisation,,
832211,Product Assembler,Principal Title,,
233999,Product Design Engineer,Occupation in nec category,,
232312,Product Designer,Alternative Title,,
839311,Product Examiner,Principal Title,,
839312,Product Grader,Principal Title,,
225113,Product Manager,Specialisation,,
839313,Product Tester,Principal Title,,
599912,"Production Assistant (Film, Television, Radio or Stage)",Principal Title,,
591112,Production Clerk,Principal Title,,
212311,Production Designer,Alternative Title,,
363213,Production Manager (Dairy Cattle) (Skill Level 2),Specialisation,,
133511,Production Manager (Forestry),Principal Title,,
133512,Production Manager (Manufacturing),Principal Title,,
133513,Production Manager (Mining),Principal Title,,
121614,Production Nursery Grower,Principal Title,,
233513,Production or Plant Engineer,Principal Title,,
591112,Production Recorder,Alternative Title,,
133112,Professional Builder,Alternative Title,,
212315,Program Director (Television or Radio),Principal Title,,
511112,Program or Project Administrator,Principal Title,,
261311,Programmer Analyst,Alternative Title,,
133112,Project Builder,Principal Title,,
511112,Project Coordinator,Alternative Title,,
134499,Project Coordinator (Education),Occupation in nec category,,
225311,Promotions Officer,Specialisation,,
599913,Proof Reader,Principal Title,,
331212,Prop and Scenery Maker,Specialisation,,
224511,Property Economist,Alternative Title,,
612112,Property Manager,Principal Title,,
612115,Property Portfolio Officer,Specialisation,,
224512,Property Valuer,Specialisation,,
252311,Prosthodontist,Specialisation,,
451813,Prostitute,Alternative Title,,
234513,Protein Chemist,Specialisation,,
254422,Psychiatric Nurse,Alternative Title,,
253411,Psychiatrist,Principal Title,,
599411,Psychological Examiner (Army),Specialisation,,
272399,Psychologists nec,Principal Title,,
254422,Psychopaedic Nurse (NZ),Specialisation,,
272314,Psychotherapist,Principal Title,,
131114,Public Affairs Manager,Alternative Title,,
225311,Public Affairs Officer,Specialisation,,
253399,Public Health Physician,Occupation in nec category,,
132411,Public Policy Manager,Alternative Title,,
225311,Public Relations Consultant,Specialisation,,
131114,Public Relations Manager,Principal Title,,
225311,Public Relations Officer,Specialisation,,
225311,Public Relations Professional,Principal Title,,
211199,Public Speaker,Occupation in nec category,,
141311,Publican,Alternative Title,,
232411,Publication Designer,Specialisation,,
253324,Pulmonary Specialist,Specialisation,,
839411,"Pulp, Paper Making and Paper Products Labourer",Alternative Title,,
211113,Puppeteer,Specialisation,,
133612,Purchasing Manager,Alternative Title,,
591113,Purchasing Officer,Principal Title,,
399999,Pyrotechnician,Occupation in nec category,,
712921,Qualified Reticulation Serviceperson,Specialisation,,
263211,Quality Analyst (ICT),Alternative Title,,
839311,Quality Assurance Assessor,Alternative Title,,
139916,Quality Assurance Manager,Principal Title,,
224712,Quality Auditor,Specialisation,,
839311,Quality Control Assessor,Alternative Title,,
139916,Quality Facilitator,Alternative Title,,
263211,Quality Manager (ICT),Alternative Title,,
263211,Quality Specialist (ICT),Alternative Title,,
233213,Quantity Surveyor,Principal Title,,
133513,Quarry Manager,Specialisation,,
271111,Queen's Counsel,Specialisation,,
211499,Quilter,Occupation in nec category,,
272211,Rabbi,Specialisation,,
452318,Race Steward,Alternative Title,,
899999,Racecourse Barrier Attendant,Occupation in nec category,,
452499,Racing Driver,Occupation in nec category,,
253918,Radiation Oncologist,Principal Title,,
899414,Radiator Fitter,Alternative Title,,
899414,Radiator Repairer,Principal Title,,
212113,Radio Announcer,Alternative Title,,
599914,Radio Despatcher,Principal Title,,
212414,Radio Journalist,Principal Title,,
212113,Radio Presenter,Principal Title,,
212414,Radio Reporter,Alternative Title,,
313211,Radiocommunications Technician,Principal Title,,
254499,Radiology Nurse,Occupation in nec category,,
731311,Rail Car Driver,Specialisation,,
442217,Railway Patrol Officer,Specialisation,,
712917,Railway Shunter,Specialisation,,
341111,Railway Signal Electrician,Specialisation,,
712917,Railway Signal Operator,Principal Title,,
233311,Railway Signalling Engineer,Specialisation,,
149412,Railway Station Manager,Principal Title,,
712917,Railway Switching and Signalling Operator,Alternative Title,,
721914,Railway Track Plant Operator,Principal Title,,
821611,Railway Track Worker,Principal Title,,
342211,Railway Traction Line Worker,Specialisation,,
712917,Railway Yard Assistant,Specialisation,,
899917,Railways Assistant,Principal Title,,
712211,Raise Drill Operator,Specialisation,,
721911,Ramp Agent,Specialisation,,
721311,Reach Truck Operator,Specialisation,,
612113,Real Estate Agency Principal / Real Estate Agency Licensee,Principal Title,,
612114,Real Estate Agent,Principal Title,,
612115,Real Estate Representative,Principal Title,,
612115,Real Estate Salesperson,Alternative Title,,
612115,Real Estate Subagent,Alternative Title,,
224512,Real Estate Valuer,Specialisation,,
532112,Realtime Reporter,Specialisation,,
111212,Rear Admiral (Navy),Specialisation,,
712912,Receival Point Operator (Grain),Specialisation,,
141999,Reception Centre Manager,Occupation in nec category,,
542111,Receptionist (General),Principal Title,,
561311,Records Clerk,Alternative Title,,
224214,Records Manager,Principal Title,,
272612,Recreation Adviser,Alternative Title,,
272612,Recreation Officer / Recreation Coordinator,Principal Title,,
411311,Recreational Therapist,Alternative Title,,
223112,Recruitment Consultant,Principal Title,,
899611,Recycling or Rubbish Collector,Principal Title,,
839918,Recycling Sorter,Alternative Title,,
839918,Recycling Worker,Principal Title,,
254499,Red Cross Blood Service Nurse,Occupation in nec category,,
392311,Reel Fed Printer,Specialisation,,
452322,Referee,Alternative Title,,
224611,Reference Librarian,Specialisation,,
399212,Refinery Pipeline Operator,Specialisation,,
451511,Reflexologist,Specialisation,,
331111,Refractory Bricklayer,Specialisation,,
712911,Refrigeration Plant Operator,Specialisation,,
423413,Refuge Worker,Principal Title,,
134412,Regional Education Manager,Principal Title,,
451412,Regional Guide,Specialisation,,
254111,Registered Midwife,Alternative Title,,
254415,Registered Nurse (Acute Care),Specialisation,,
254412,Registered Nurse (Aged Care),Principal Title,,
254423,Registered Nurse (Anaesthetic),Specialisation,,
254422,Registered Nurse (Child and Adolescence Mental Health),Specialisation,,
254413,Registered Nurse (Child and Family Health),Principal Title,,
254414,Registered Nurse (Community Health),Principal Title,,
254415,Registered Nurse (Critical Care and Emergency),Principal Title,,
254416,Registered Nurse (Developmental Disability),Principal Title,,
254417,Registered Nurse (Disability and Rehabilitation),Principal Title,,
254422,Registered Nurse (Drug and Alcohol),Specialisation,,
254415,Registered Nurse (Emergency/Trauma),Specialisation,,
254412,Registered Nurse (Gerontology),Specialisation,,
254414,Registered Nurse (Health Education and Promotion),Specialisation,,
254415,Registered Nurse (High Dependency),Specialisation,,
254499,Registered Nurse (Infection Control),Occupation in nec category,,
254421,Registered Nurse (Medical Practice),Principal Title,,
254418,Registered Nurse (Medical),Principal Title,,
254422,Registered Nurse (Mental Health),Principal Title,,
254415,Registered Nurse (Neonatal Intensive Care),Specialisation,,
254423,Registered Nurse (Operating Room),Specialisation,,
254415,Registered Nurse (Paediatric Intensive Care),Specialisation,,
254425,Registered Nurse (Paediatrics),Principal Title,,
254423,Registered Nurse (Perioperative),Principal Title,,
254422,Registered Nurse (Psychiatric Rehabilitation),Specialisation,,
254422,Registered Nurse (Psychogeriatric Care),Specialisation,,
254414,Registered Nurse (Public Health),Specialisation,,
254423,Registered Nurse (Recovery),Specialisation,,
254417,Registered Nurse (Rehabilitation),Specialisation,,
254414,Registered Nurse (School Nurse),Specialisation,,
254424,Registered Nurse (Surgical),Principal Title,,
254499,Registered Nurses nec,Principal Title,,
139917,Regulatory Affairs Manager,Principal Title,,
272114,Rehabilitation Counsellor,Principal Title,,
253399,Rehabilitation Medicine Physician,Occupation in nec category,,
711515,Reinforced Plastic and Composite Production Worker,Principal Title,,
312311,Relays Draftsperson,Specialisation,,
451816,Religious Assistant,Principal Title,,
411611,Remedial Masseur,Specialisation,,
241511,Remedial Teacher,Specialisation,,
254499,Remote Area Nurse,Occupation in nec category,,
253322,Renal Medicine Physician,Alternative Title,,
253322,Renal Medicine Specialist,Principal Title,,
311299,Renal Technician,Occupation in nec category,,
333212,Renderer (Solid Plaster),Principal Title,,
731199,Rental Car Ferry Driver,Occupation in nec category,,
621912,Rental Clerk,Alternative Title,,
621912,Rental Salesperson,Principal Title,,
599311,Repossession Agent,Specialisation,,
253913,Reproductive Endocrinologist,Specialisation,,
399516,Re-recording Mixer,Specialisation,,
711313,Resawyer,Specialisation,,
234114,Research Agronomist,Specialisation,,
132511,Research and Development Manager,Principal Title,,
224412,Research and Evaluation Analyst (NZ),Specialisation,,
639411,Reservations Clerk,Specialisation,,
253112,Resident Medical Officer,Principal Title,,
411715,Residential Care Officer,Principal Title,,
232511,Residential Interior Designer,Specialisation,,
711515,Resin Transfer Moulding Machine Operator,Specialisation,,
141311,Resort Manager,Specialisation,,
232611,Resource Management Planner (NZ),Specialisation,,
253324,Respiratory Medicine Physician,Alternative Title,,
253324,Respiratory Physician,Specialisation,,
234612,Respiratory Scientist,Principal Title,,
311217,Respiratory Technician,Principal Title,,
141111,Restaurateur,Alternative Title,,
142111,Retail Bakery Manager,Specialisation,,
639211,Retail Buyer,Principal Title,,
232511,Retail Interior Designer,Specialisation,,
442215,Retail Loss Prevention Officer,Principal Title,,
142111,Retail Manager (General),Principal Title,,
251513,Retail Pharmacist,Principal Title,,
621111,Retail Sales Assistant,Alternative Title,,
142111,Retail Store Manager,Alternative Title,,
621511,Retail Supervisor,Principal Title,,
141912,Retirement Village Manager,Principal Title,,
253323,Rheumatologist,Principal Title,,
253515,Rhinologist,Specialisation,,
452312,Rhythmic Gymnastics Coach,Specialisation,,
441111,Rifleman (Army),Specialisation,,
712211,Rig Manager,Specialisation,,
399111,Rigger (Boat),Specialisation,,
399411,Ring Maker,Specialisation,,
711313,Ripsaw Operator,Specialisation,,
312211,Road Design Draftsperson,Specialisation,,
721912,Road Marker,Specialisation,,
721915,Road Roller Operator,Principal Title,,
899923,Road Traffic Controller,Principal Title,,
733111,Road Train Driver,Specialisation,,
233215,Roading Engineer (NZ),Specialisation,,
321211,Roadside Mechanic,Specialisation,,
452215,Rock Climbing Instructor,Specialisation,,
712211,Rock Drill Operator,Specialisation,,
211214,Rock Singer,Specialisation,,
331212,Roof Carpenter,Specialisation,,
334115,Roof Plumber,Principal Title,,
333311,Roof Tiler,Principal Title,,
312199,Roof Truss Detailer,Occupation in nec category,,
711799,Rope Making Machine Operator,Occupation in nec category,,
599411,Roster Clerk,Specialisation,,
711514,Rotational Moulding Operator (Plastics),Specialisation,,
821912,Roughneck,Specialisation,,
821912,Roustabout (Oil and Gas),Alternative Title,,
711516,Rubber Belt Splicer,Specialisation,,
711516,Rubber Compounder,Specialisation,,
711516,Rubber Extrusion Machine Operator,Specialisation,,
839212,Rubber Factory Worker,Principal Title,,
711516,Rubber Knitting and Reinforcing Machine Operator,Specialisation,,
711516,Rubber Moulding Machine Operator,Specialisation,,
839212,Rubber Process Hand,Alternative Title,,
711516,Rubber Production Machine Operator,Principal Title,,
711516,Rubber Roller Grinder Operator,Specialisation,,
452411,Rugby League Footballer,Specialisation,,
452411,Rugby Union Footballer,Specialisation,,
561211,Rural Mail Contractor,Specialisation,,
711211,Rust Proofer,Specialisation,,
393112,Saddler,Specialisation,,
233999,Safety Engineer,Occupation in nec category,,
233914,Safety Engineering Technologist,Specialisation,,
312611,Safety Inspector,Principal Title,,
393113,Sail Maker,Principal Title,,
234115,Sales Agronomist,Specialisation,,
224999,Sales Analyst,Occupation in nec category,,
131112,Sales and Marketing Manager,Principal Title,,
621111,Sales Assistant (General),Principal Title,,
621999,Sales Assistants and Salespersons nec,Principal Title,,
639112,Sales Demonstrator,Principal Title,,
621511,Sales Department Supervisor,Alternative Title,,
591117,Sales Order Clerk,Alternative Title,,
225113,Sales Promotion Officer,Specialisation,,
611312,Sales Representative (Advertising),Specialisation,,
611311,Sales Representative (Building and Plumbing Supplies),Principal Title,,
611312,Sales Representative (Business Services),Principal Title,,
225499,Sales Representative (Educational Products and Services),Occupation in nec category,,
225411,Sales Representative (Industrial Products),Principal Title,,
611399,Sales Representative (Jewellery and Watches),Occupation in nec category,,
225412,Sales Representative (Medical and Pharmaceutical Products),Principal Title,,
611313,Sales Representative (Motor Vehicle Parts and Accessories),Principal Title,,
611314,Sales Representative (Personal and Household Goods),Principal Title,,
611312,Sales Representative (Printing),Specialisation,,
611399,Sales Representatives nec,Principal Title,,
272211,Salvation Army Officer,Specialisation,,
711712,Sammying Machine Operator,Specialisation,,
711913,Sand Blaster,Principal Title,,
851311,Sandwich Hand,Specialisation,,
312115,Sanitary Plumbing and Water Supply Inspector,Specialisation,,
399911,Saturation Diver,Specialisation,,
323315,Saw Doctor,Principal Title,,
323315,Saw Sharpener,Specialisation,,
133512,Sawmill Manager,Specialisation,,
394213,Sawmill Moulder Operator,Specialisation,,
839412,Sawmill or Timber Yard Worker,Principal Title,,
711313,Sawmiller,Alternative Title,,
711313,Sawmilling Operator,Principal Title,,
821712,Scaffolder,Principal Title,,
323314,Scalemaker,Specialisation,,
591112,Schedule Clerk,Alternative Title,,
134412,School Administrator,Specialisation,,
731211,School Bus Driver,Specialisation,,
811211,School Cleaner,Specialisation,,
272115,School Counsellor,Alternative Title,,
249112,School Inspector,Specialisation,,
311414,School Laboratory Technician,Principal Title,,
134311,School Principal,Principal Title,,
422116,School Services Officer,Specialisation,,
311499,Science Technicians nec,Principal Title,,
399911,Scientific Diver,Specialisation,,
323314,Scientific Instrument Maker and Repairer,Specialisation,,
621911,Scrap Materials Buyer,Alternative Title,,
721213,Scraper Operator (Earthmoving),Specialisation,,
392112,Screen Printer,Principal Title,,
392112,Screen Printing Stencil Preparer,Specialisation,,
212211,Screenwriter,Specialisation,,
552313,Scrip Clerk (Stockbroking),Alternative Title,,
212212,Script Coordinator,Specialisation,,
212211,Script Writer,Specialisation,,
452311,Scuba Instructor,Specialisation,,
211413,Sculptor,Principal Title,,
452299,Sea Kayaking Guide,Occupation in nec category,,
899211,Seafarer,Alternative Title,,
832115,Seafood Packer,Principal Title,,
831313,Seafood Process Worker,Principal Title,,
231214,Seaman Officer (Navy),Specialisation,,
441312,Search and Rescue Officer,Specialisation,,
351311,Second Chef,Specialisation,,
134311,Secondary School Principal,Specialisation,,
241411,Secondary School Teacher,Principal Title,,
241411,Secondary School Teacher-Librarian,Specialisation,,
521211,Secretary (General),Principal Title,,
111111,Secretary (Government Department),Specialisation,,
552313,Securities Clerk,Alternative Title,,
222211,Securities Dealer,Specialisation,,
262118,Security Administrator,Alternative Title,,
442216,Security Consultant,Principal Title,,
821412,Security Door Installer,Specialisation,,
442217,Security Guard,Alternative Title,,
139999,Security Manager (Non-ICT),Occupation in nec category,,
442217,Security Officer,Principal Title,,
442299,Security Officers and Guards nec,Principal Title,,
441111,Security Police (Air Force),Specialisation,,
139111,Security Police Officer (Air Force) (Aus),Specialisation,,
342313,Security Technician,Specialisation,,
843999,Seed Collector,Occupation in nec category,,
821915,Seismic Survey Assistant,Specialisation,,
234412,Seismologist,Specialisation,,
311412,Seismology Technical Officer,Specialisation,,
111312,Senator,Specialisation,,
363199,"Senior Aquaculture, Crop and Forestry Workers nec",Principal Title,,
363211,Senior Beef Cattle Station Worker,Principal Title,,
363115,Senior Broadacre Crop and Livestock Farm Worker,Principal Title,,
363116,Senior Broadacre Crop Farm Worker,Principal Title,,
363212,Senior Cattle and Sheep Farm Worker,Principal Title,,
271111,Senior Counsel,Specialisation,,
363213,Senior Dairy Cattle Farm Worker,Principal Title,,
363299,Senior Horse Stud Worker,Specialisation,,
363299,Senior Livestock Farm Workers nec,Principal Title,,
139211,Senior Non-commissioned Defence Force Member,Principal Title,,
134212,Senior Nurse Manager,Alternative Title,,
363214,Senior Piggery Attendant,Alternative Title,,
363214,Senior Piggery Stockperson,Principal Title,,
363299,Senior Poultry Farm Worker,Specialisation,,
363215,Senior Sheep Farm Worker,Principal Title,,
149212,Service Manager,Alternative Title,,
621611,Service Station Attendant,Principal Title,,
631111,Service Station Console Operator,Specialisation,,
599111,Settlement Agent,Alternative Title,,
312211,Sewage Reticulation Drafting Officer,Specialisation,,
323215,Sewing Machine Mechanic,Specialisation,,
711611,Sewing Machinist,Principal Title,,
451813,Sex Worker or Escort,Principal Title,,
272199,Sexual Assault Counsellor / Sexual Abuse Counsellor,Occupation in nec category,,
253399,Sexual Health Physician,Occupation in nec category,,
121313,Share Dairy Farmer,Specialisation,,
222213,Sharebroker,Alternative Title,,
363311,Shearer,Principal Title,,
842321,Shearing Shed Hand,Alternative Title,,
842321,Shearing Shed Worker,Alternative Title,,
121711,Sheep and Wheat Farmer,Specialisation,,
121322,Sheep Farm Manager,Alternative Title,,
842317,Sheep Farm Worker,Principal Title,,
121322,Sheep Farmer,Principal Title,,
842314,Sheep Foot Parer,Specialisation,,
392311,Sheet Fed Printer,Specialisation,,
322211,Sheetmetal Fabricator,Alternative Title,,
322211,Sheetmetal Worker,Principal Title,,
712311,Sheetmetal Worker (Second Class),Specialisation,,
891211,Shelf Filler,Principal Title,,
839999,Sheltered Workshop Worker,Occupation in nec category,,
599212,Sheriff's Officer (Aus),Specialisation,,
411611,Shiatsu Therapist,Specialisation,,
233916,Shipbuilding Designer,Specialisation,,
312914,Shipbuilding Draftsperson,Specialisation,,
133111,Shipbuilding Program Manager,Specialisation,,
591211,Shipping and Receiving Clerk,Specialisation,,
231213,Ship's Captain,Alternative Title,,
399112,Ship's Carpenter,Specialisation,,
231212,Ship's Engineer,Principal Title,,
231213,Ship's Master,Principal Title,,
231214,Ship's Officer,Principal Title,,
231213,Ship's Pilot,Specialisation,,
231215,Ship's Surveyor,Alternative Title,,
399112,Shipwright,Principal Title,,
393114,Shoe Repairer,Specialisation,,
393114,Shoemaker,Principal Title,,
711711,Shoemaking Cutter,Specialisation,,
711711,Shoemaking Finisher,Specialisation,,
843911,Shooter,Alternative Title,,
142111,Shop Manager,Alternative Title,,
331211,Shopfitter,Specialisation,,
149913,Shopping Centre Manager,Specialisation,,
851111,Short Order Cook,Specialisation,,
712213,Shot Firer,Principal Title,,
452313,Show Jumping Instructor,Specialisation,,
821412,Shower Screen Installer,Specialisation,,
711512,Shredder/Granulator Operator,Specialisation,,
312911,Shutdown Coordinator,Alternative Title,,
312911,Shutdown Planner,Alternative Title,,
899918,Sign Erector,Principal Title,,
399611,Sign Manufacturer,Specialisation,,
441111,Signal Operator Linguist (Air Force),Specialisation,,
441111,Signal Operator Technical (Air Force),Specialisation,,
233311,Signalling and Communications Engineer,Specialisation,,
263311,Signals Officer (Army) (NZ),Specialisation,,
399611,Signwriter,Principal Title,,
431511,Silver Service Waiter,Specialisation,,
399411,Silversmith,Specialisation,,
211214,Singer,Principal Title,,
249214,Singing Teacher (Private Tuition),Specialisation,,
452214,Ski Guide,Specialisation,,
399999,Ski Technician,Occupation in nec category,,
721112,Skidder Operator,Specialisation,,
452314,Skiing Instructor,Specialisation,,
452299,Skydiving Instructor,Occupation in nec category,,
831212,Slaughterer,Principal Title,,
253399,Sleep Medicine Physician,Occupation in nec category,,
311217,Sleep Technician,Alternative Title,,
711411,Slide Developer,Specialisation,,
821911,Slinger,Specialisation,,
711111,Slip Caster,Specialisation,,
321214,Small Engine Mechanic,Principal Title,,
392312,Small Offset Printer,Principal Title,,
452311,Snorkelling Instructor,Specialisation,,
721999,Snow Groomer,Occupation in nec category,,
712999,Snow Maker,Occupation in nec category,,
452314,Snowboarding Instructor,Specialisation,,
452314,Snowsport Instructor,Principal Title,,
452411,Soccer Player,Specialisation,,
225114,Social media specialist (Marketing),Alternative Title,,
272499,Social Professionals nec,Principal Title,,
599515,Social Security Assessor,Principal Title,,
272511,Social Worker,Principal Title,,
272499,Sociologist,Occupation in nec category,,
261399,Software and Applications Programmers nec,Principal Title,,
261313,Software Architect,Alternative Title,,
261313,Software Designer,Alternative Title,,
261312,Software Developer,Specialisation,,
261313,Software Engineer,Principal Title,,
261312,Software Programmer,Specialisation,,
261314,Software Tester,Principal Title,,
311412,Soil Science Technical Officer,Specialisation,,
234399,Soil Scientist,Occupation in nec category,,
341111,Solar Installer,Specialisation,,
271311,Solicitor,Principal Title,,
333212,Solid Plasterer,Alternative Title,,
431511,Sommelier,Specialisation,,
211211,Songwriter,Specialisation,,
251214,Sonographer,Principal Title,,
399516,Sound Editor,Specialisation,,
399516,Sound Effects Person,Specialisation,,
399516,Sound Mixer,Specialisation,,
399516,Sound Recordist,Specialisation,,
399516,Sound Technician,Principal Title,,
351311,Sous Chef,Specialisation,,
399111,Sparmaker,Specialisation,,
322313,Special Class Welder,Specialisation,,
241599,Special Education Teachers nec,Principal Title,,
399599,Special Effects Person,Occupation in nec category,,
224611,Special Librarian,Specialisation,,
224611,Special Needs Librarian,Specialisation,,
241511,Special Needs Teacher,Principal Title,,
139111,Special Service Officer (Army) (Aus),Specialisation,,
139999,Specialist Managers nec,Principal Title,,
253311,Specialist Physician (General Medicine),Principal Title,,
253399,Specialist Physicians nec,Principal Title,,
311216,Specimen Collector,Alternative Title,,
252712,Speech Pathologist / Speech Language Therapist,Principal Title,,
252712,Speech Therapist,Alternative Title,,
272399,Sport Psychologist,Occupation in nec category,,
139915,Sports Administrator,Principal Title,,
149113,Sports Centre Manager,Principal Title,,
452321,Sports Development Officer,Principal Title,,
411611,Sports Medicine Masseur,Specialisation,,
211311,Sports Photographer,Specialisation,,
253999,Sports Physician,Occupation in nec category,,
252511,Sports Physiotherapist,Specialisation,,
452317,Sports Trainer,Specialisation,,
362312,Sports Turf Manager,Principal Title,,
362313,Sports Turf Trades Worker,Principal Title,,
452322,Sports Umpire,Principal Title,,
362313,Sportsground Foreperson,Specialisation,,
362312,Sportsground Manager,Alternative Title,,
452499,Sportspersons nec,Principal Title,,
322111,Spring Maker,Specialisation,,
334117,Sprinkler Fitter,Specialisation,,
149113,Squash Centre Manager,Specialisation,,
842318,Stablehand,Principal Title,,
149113,Stadium Manager,Specialisation,,
254211,Staff Development Nurse,Alternative Title,,
212316,Stage Manager,Principal Title,,
212112,Stage Producer,Specialisation,,
899999,Stagehand,Occupation in nec category,,
331213,Stairbuilder,Specialisation,,
842311,Station Hand (Beef Cattle),Alternative Title,,
842317,Station Hand (Sheep),Alternative Title,,
323211,Stationary Plant Mechanic,Specialisation,,
712999,Stationary Plant Operators nec,Principal Title,,
552314,Statistical Clerk,Principal Title,,
224116,Statistician,Principal Title,,
731311,Steam Train Driver,Specialisation,,
821713,Steel Fixer,Principal Title,,
452413,Steeplechase Jockey,Specialisation,,
532112,Stenocaptioner,Specialisation,,
711914,Sterilisation Technician,Principal Title,,
891113,Stevedore,Alternative Title,,
611112,Stock and Station Agent,Principal Title,,
591115,Stock Clerk,Principal Title,,
591115,Stock Control Clerk,Alternative Title,,
222213,Stockbroker,Alternative Title,,
222213,Stockbroking Dealer,Principal Title,,
831116,Stockfeed Miller,Specialisation,,
711114,Stone Polisher,Specialisation,,
711114,Stone Processing Machine Operator,Principal Title,,
711114,Stone Sawyer,Specialisation,,
331112,Stonemason,Principal Title,,
712211,Stope Miner,Specialisation,,
741111,Storeperson,Principal Title,,
741111,Stores Assistant,Alternative Title,,
591115,Stores Clerk,Alternative Title,,
741111,Stores Despatch Hand,Specialisation,,
741111,Stores Naval (Navy),Specialisation,,
721999,Straddle Carrier Operator,Occupation in nec category,,
132411,Strategic Planning Manager,Specialisation,,
599521,Stream Control Officer,Specialisation,,
621713,Street Vendor,Principal Title,,
721916,Streetsweeper Operator,Principal Title,,
233214,Structural Engineer,Principal Title,,
312211,Structural Engineering Drafting Officer,Specialisation,,
233914,Structural Engineering Technologist,Specialisation,,
312199,Structural Steel Detailer,Occupation in nec category,,
821714,Structural Steel Erector,Principal Title,,
272115,Student Counsellor,Principal Title,,
422116,Student Liaison Officer,Specialisation,,
899999,Studio Hand,Occupation in nec category,,
831212,Stunner and Shackler (Abattoir),Specialisation,,
211199,Stunt Performer,Occupation in nec category,,
212412,Subeditor,Specialisation,,
312311,Substation Design Draftsperson,Specialisation,,
121513,Sugar Cane Farm Manager,Alternative Title,,
842217,Sugar Cane Farm Worker,Principal Title,,
121513,Sugar Cane Grower,Principal Title,,
311411,Sugar Laboratory Assistant,Specialisation,,
831117,Sugar Mill Worker,Principal Title,,
552312,Superannuation Clerk,Specialisation,,
222312,Superannuation Funds Manager,Specialisation,,
133611,Supply and Distribution Manager,Principal Title,,
224714,Supply Chain Analyst,Principal Title,,
133611,Supply Chain Manager,Specialisation,,
591115,Supply Clerk,Specialisation,,
133611,Supply Officer (Navy),Specialisation,,
263212,Support Analyst,Alternative Title,,
263212,Support Architect,Alternative Title,,
271211,Supreme Court Judge,Specialisation,,
452311,Surface Supply Breathing Apparatus (SSBA) Instructor,Specialisation,,
399999,Surfboard Maker,Occupation in nec category,,
452499,Surfer,Occupation in nec category,,
253511,Surgeon (General),Principal Title,,
561511,Survey Interviewer,Principal Title,,
312116,Surveying or Spatial Science Technician,Principal Title,,
232212,Surveyor,Principal Title,,
821915,Surveyor's Assistant,Principal Title,,
452315,Swimming Coach or Instructor,Principal Title,,
811699,Swimming Pool Cleaner,Occupation in nec category,,
621999,Swimming Pool Salesperson,Occupation in nec category,,
899999,Swimming Pool Serviceperson,Occupation in nec category,,
561611,Switchboard Operator,Principal Title,,
262113,Systems Administrator,Principal Title,,
261112,Systems Analyst,Principal Title,,
261313,Systems Architect,Specialisation,,
263211,Systems Auditor (ICT),Specialisation,,
262113,Systems Manager,Alternative Title,,
313112,Systems Support Officer,Alternative Title,,
263213,Systems Tester,Alternative Title,,
711911,Tablet Making Machine Operator,Specialisation,,
441312,Tactical Response Group Officer,Specialisation,,
242211,TAFE Lecturer,Specialisation,,
134499,TAFE Registrar,Occupation in nec category,,
242211,TAFE Teacher,Specialisation,,
839412,Tailer-out,Specialisation,,
212113,Talkback Host,Specialisation,,
712912,Tank Farm Operator (Petroleum),Specialisation,,
733114,Tanker Driver,Principal Title,,
711712,Tanner,Specialisation,,
839917,Tannery Worker,Specialisation,,
451814,Tattooist,Specialisation,,
221113,Taxation Accountant,Principal Title,,
221113,Taxation Agent,Alternative Title,,
221113,Taxation Consultant,Alternative Title,,
224311,Taxation Economist,Specialisation,,
599516,Taxation Inspector,Principal Title,,
731112,Taxi Driver,Principal Title,,
149999,Taxi Proprietor,Occupation in nec category,,
732111,Taxi Truck Driver,Specialisation,,
399311,Taxidermist,Specialisation,,
842299,Tea Plantation Worker,Occupation in nec category,,
842299,Tea Tree Farm Worker,Occupation in nec category,,
249311,Teacher of English to Speakers of Other Languages,Principal Title,,
241511,Teacher of Gifted Students,Specialisation,,
241512,Teacher of the Hearing Impaired,Principal Title,,
241513,Teacher of the Sight Impaired,Principal Title,,
422116,Teachers' Aide,Principal Title,,
422116,Teachers' Assistant,Specialisation,,
342212,Technical Cable Jointer,Principal Title,,
212317,Technical Director,Principal Title,,
232412,Technical Illustrator,Specialisation,,
211311,Technical Photographer,Specialisation,,
212317,Technical Producer,Alternative Title,,
225499,Technical Sales Representatives nec,Principal Title,,
212415,Technical Writer,Principal Title,,
342414,Technician Telecommunication Systems (Army),Specialisation,,
399999,Technicians and Trades Workers nec,Principal Title,,
342412,Telecommunications Cable Jointer,Principal Title,,
263312,Telecommunications Consultant,Alternative Title,,
263311,Telecommunications Engineer,Principal Title,,
313212,Telecommunications Field Engineer,Principal Title,,
342413,Telecommunications Linesworker / Telecommunications Line Mechanic,Principal Title,,
263312,Telecommunications Network Engineer,Principal Title,,
313213,Telecommunications Network Planner,Principal Title,,
263312,Telecommunications Specialist,Alternative Title,,
313214,Telecommunications Technical Officer or Technologist,Principal Title,,
342414,Telecommunications Technician,Principal Title,,
639311,Telemarketer,Principal Title,,
312412,Telemetry Technician,Specialisation,,
561113,Telephone Betting Clerk,Principal Title,,
561611,Telephone Operator,Alternative Title,,
451813,Telephone Sex Worker,Specialisation,,
399517,Television Equipment Operator,Principal Title,,
212416,Television Journalist,Principal Title,,
212114,Television Presenter,Principal Title,,
212112,Television Producer,Specialisation,,
212416,Television Reporter,Alternative Title,,
149113,Ten Pin Bowling Centre Manager,Specialisation,,
149113,Tennis Centre Manager,Specialisation,,
452316,Tennis Coach,Principal Title,,
452499,Tennis Player,Occupation in nec category,,
263213,Test Analyst (ICT),Alternative Title,,
233999,Test and Activation Engineer (Naval Shipbuilding),Occupation in nec category,,
711799,Textile and Footwear Production Machine Operators nec,Principal Title,,
211499,Textile Artist,Occupation in nec category,,
232312,Textile Designer,Specialisation,,
711714,Textile Dyeing and Finishing Machine Operator,Principal Title,,
711714,Textile Dyer,Specialisation,,
839311,Textile Examiner,Specialisation,,
711714,Textile Finisher,Specialisation,,
711713,Textile Knitter,Alternative Title,,
323215,Textile Machine Mechanic,Specialisation,,
311499,Textile Technical Officer,Occupation in nec category,,
323215,"Textile, Clothing and Footwear Mechanic",Principal Title,,
392112,Textiles Printer,Specialisation,,
411611,Thai Masseur,Specialisation,,
399599,Theatrical Dresser,Occupation in nec category,,
423314,Therapist's Assistant,Alternative Title,,
423314,Therapy Aide,Principal Title,,
711599,Thermoforming Machine Operator,Occupation in nec category,,
253324,Thoracic Medicine Physician,Alternative Title,,
253324,Thoracic Medicine Specialist,Principal Title,,
899921,Ticket Collector or Usher,Principal Title,,
639411,Ticket Seller,Principal Title,,
821111,Tiler's Assistant,Specialisation,,
733111,Tilt Tray Driver,Specialisation,,
133512,Timber and Wood Products Mill Manager,Specialisation,,
332111,Timber Floor Installer,Specialisation,,
839312,Timber Grader,Specialisation,,
839412,Timber Mill Worker,Alternative Title,,
712999,Timber Treatment Plant Operator,Occupation in nec category,,
452323,Timekeeper (Sports),Specialisation,,
312511,Tool Design Draftsperson,Specialisation,,
312511,Tool Designer,Specialisation,,
712211,Tool Pusher,Specialisation,,
712311,Tool Setter,Specialisation,,
322111,Tool Smith,Specialisation,,
323412,Toolmaker,Principal Title,,
451412,Tour Escort,Alternative Title,,
451412,Tour Guide,Principal Title,,
451412,Tour Leader,Alternative Title,,
212113,Tourism Radio Presenter,Specialisation,,
451611,Tourist Adviser,Alternative Title,,
451611,Tourist Information Officer,Principal Title,,
733115,Tow Truck Driver,Principal Title,,
712111,Tower Crane Operator,Specialisation,,
232611,Town Planner,Specialisation,,
234599,Toxicologist,Occupation in nec category,,
821611,Track Inspector,Specialisation,,
361116,Track Rider,Principal Title,,
361116,Trackwork Rider,Alternative Title,,
721111,Tractor Operator,Specialisation,,
271214,Trade Mark Attorney,Specialisation,,
599599,Trade Mark Examiner,Occupation in nec category,,
223113,Trade Union Official,Specialisation,,
111211,Trade Union Secretary,Specialisation,,
222213,Trading Floor Operator (Stock Exchange),Specialisation,,
252214,Traditional Chinese Medicine Practitioner,Principal Title,,
252215,Traditional Māori Health Practitioner,Principal Title,,
232611,Traffic and Transport Planner,Specialisation,,
712918,Train Controller,Principal Title,,
731311,Train Driver,Principal Title,,
599517,Train Examiner,Principal Title,,
132311,Training and Development Manager,Specialisation,,
223311,Training and Development Professional,Principal Title,,
223311,Training Officer,Alternative Title,,
223311,Training Systems Officer (Navy),Specialisation,,
731312,Tram Driver,Principal Title,,
599518,Tram Inspector,Specialisation,,
272413,Translator,Principal Title,,
272499,Transport Analyst,Occupation in nec category,,
149413,Transport Company Manager,Principal Title,,
639412,Transport Conductor,Principal Title,,
133611,Transport Corps Officer (Army),Specialisation,,
233215,Transport Engineer,Principal Title,,
599518,Transport Operations Inspector,Principal Title,,
272199,Trauma Counsellor,Occupation in nec category,,
142116,Travel Agency Manager,Principal Title,,
451612,Travel Agent,Alternative Title,,
451799,Travel Attendants nec,Principal Title,,
599999,Travel Clerk,Occupation in nec category,,
451612,Travel Consultant,Principal Title,,
843113,Tree Faller,Principal Title,,
121599,Tree Farmer,Occupation in nec category,,
843113,Tree Feller,Alternative Title,,
721112,Tree Feller Operator,Specialisation,,
843111,Tree Planter,Specialisation,,
362512,Tree Surgeon,Alternative Title,,
843111,Tree Thinner (NZ),Specialisation,,
362512,Tree Worker,Principal Title,,
452216,Trekking Guide,Principal Title,,
721214,Trench Digging Machine Operator,Specialisation,,
271213,Tribunal Member,Principal Title,,
899922,Trolley Collector,Principal Title,,
591211,Truck Despatcher,Specialisation,,
733111,Truck Driver (General),Principal Title,,
891112,Truck Driver's Offsider,Principal Title,,
599215,Trust Clerk,Alternative Title,,
599215,Trust Officer,Principal Title,,
711799,Tufting Machine Operator,Occupation in nec category,,
899211,Tug Hand,Specialisation,,
231213,Tug Master,Specialisation,,
721999,Tunneller,Occupation in nec category,,
842299,Turf Farm Worker,Occupation in nec category,,
121615,Turf Farmer,Alternative Title,,
121615,Turf Grower,Principal Title,,
362313,Turf Tradesperson,Alternative Title,,
899921,Turnstile Attendant,Specialisation,,
712311,Turret Punch Operator,Specialisation,,
532113,Typist,Alternative Title,,
711516,Tyre Builder,Specialisation,,
839311,Tyre Finisher and Examiner,Specialisation,,
899415,Tyre Fitter,Principal Title,,
711516,Tyre Retreader,Specialisation,,
261113,UI Designer,Alternative Title,,
251214,Ultrasonographer,Alternative Title,,
312912,Ultrasound Technician,Specialisation,,
712212,Underground Truck Operator,Specialisation,,
451311,Undertaker,Alternative Title,,
431999,Uniform Room Attendant,Occupation in nec category,,
223113,Union Organiser,Specialisation,,
222312,Unit Trust Manager,Specialisation,,
242112,University Demonstrator,Specialisation,,
242111,University Lecturer,Principal Title,,
134499,University Registrar,Occupation in nec category,,
242112,University Tutor,Principal Title,,
711999,Unmanned Aerial Vehicle (UAV) Pilot,Occupation in nec category,,
393311,Upholsterer,Principal Title,,
811611,Upholstery Cleaner,Specialisation,,
232611,Urban and Regional Planner,Principal Title,,
362511,Urban Forester,Alternative Title,,
253913,Urogynaecologist,Specialisation,,
253518,Urologist,Principal Title,,
261113,Usability Architect,Alternative Title,,
261113,User Experience Designer (ICT),Principal Title,,
261113,User Interface Designer,Alternative Title,,
362512,Utility Tree Worker,Specialisation,,
261113,UX Designer,Alternative Title,,
224512,Valuer,Principal Title,,
732111,Van Driver,Alternative Title,,
253521,Vascular Surgeon,Principal Title,,
121616,Vegetable Farm Manager,Alternative Title,,
842218,Vegetable Farm Worker (Aus) / Market Garden Worker (NZ),Principal Title,,
121616,Vegetable Grower (Aus) / Market Gardener (NZ),Principal Title,,
842221,Vegetable Picker,Principal Title,,
832211,Vehicle Assembler,Specialisation,,
839311,Vehicle Assembly Inspector,Specialisation,,
324211,Vehicle Body Builder,Principal Title,,
324211,Vehicle Body Maker,Alternative Title,,
811111,Vehicle Detailer,Alternative Title,,
321211,Vehicle Mechanic (Army),Specialisation,,
324311,Vehicle Painter,Principal Title,,
324311,Vehicle Refinisher,Alternative Title,,
324212,Vehicle Trimmer,Principal Title,,
324212,Vehicle Upholsterer,Specialisation,,
899412,Vehicle Window Tinter,Specialisation,,
899711,Vending Machine Attendant,Principal Title,,
899711,Vending Machine Refiller,Alternative Title,,
711314,Veneer Production Machine Operator,Specialisation,,
711999,Venetian Blind Machine Operator,Occupation in nec category,,
211113,Ventriloquist,Specialisation,,
899921,Venue Attendant,Alternative Title,,
323214,Vertical Borer,Specialisation,,
231299,Vessel Traffic Officer,Occupation in nec category,,
234711,Veterinarian,Principal Title,,
361311,Veterinary Assistant,Alternative Title,,
361311,Veterinary Nurse,Principal Title,,
234711,Veterinary Parasitologist,Specialisation,,
234711,Veterinary Pathologist,Specialisation,,
512299,Veterinary Practice Manager,Occupation in nec category,,
234711,Veterinary Surgeon,Alternative Title,,
111212,Vice Admiral (Navy),Specialisation,,
399516,Video and Sound Recorder,Specialisation,,
149111,Video Arcade Manager,Specialisation,,
621912,Video Library Assistant,Specialisation,,
212318,Video Producer,Principal Title,,
342313,Video Technician,Specialisation,,
121617,Vigneron,Alternative Title,,
121617,Vineyard Manager (Wine Grapes),Alternative Title,,
363117,Vineyard Supervisor,Principal Title,,
842222,Vineyard Worker,Principal Title,,
332111,Vinyl Layer,Specialisation,,
711513,Vinyl Welder and Fabricator,Specialisation,,
211213,Violinist,Specialisation,,
399517,Vision Mixer,Specialisation,,
211499,Visual Arts and Crafts Professionals nec,Principal Title,,
639511,Visual Merchandiser,Principal Title,,
121617,Viticulturist (Wine Grapes),Alternative Title,,
212499,Vlogger,Occupation in nec category,,
211214,Vocalist,Alternative Title,,
242211,Vocational Education Teacher / Polytechnic Teacher,Principal Title,,
211111,Voice-over Artist,Specialisation,,
271213,Waitangi Tribunal Member (NZ),Specialisation,,
431511,Waiter,Principal Title,,
333211,Wall and Ceiling Fixer,Alternative Title,,
333411,Wall and Floor Tiler,Principal Title,,
393213,Wardrobe Assistant,Specialisation,,
393213,Wardrobe Coordinator,Specialisation,,
394112,Wardrobe Installer,Specialisation,,
423311,Wardsperson,Alternative Title,,
591116,Warehouse Administrator,Principal Title,,
741111,Warehouse Assistant,Alternative Title,,
711713,Warp Knitter,Specialisation,,
712999,Wash Plant Operator,Occupation in nec category,,
621911,Waste Recycler,Specialisation,,
899611,Waste Removalist,Alternative Title,,
712921,Waste Water or Water Plant Operator,Principal Title,,
323316,Watch and Clock Maker and Repairer,Principal Title,,
222111,Water Broker/Trader,Specialisation,,
599521,Water Inspector,Principal Title,,
234313,Water Quality Analyst,Specialisation,,
311412,Water Resources Technical Officer,Specialisation,,
733114,Water Tanker Driver,Specialisation,,
891113,Waterside Worker,Principal Title,,
233911,Weapons Aeronautical Engineering Officer (Navy),Specialisation,,
231212,Weapons Electrical Engineering Officer (Navy),Specialisation,,
234913,Weather Forecaster,Specialisation,,
711715,Weaving Machine Operator,Principal Title,,
313113,Web Administrator,Principal Title,,
232414,Web Designer,Principal Title,,
261212,Web Developer,Principal Title,,
313113,Web Master,Alternative Title,,
261212,Web Programmer,Alternative Title,,
212412,Website/Blog Editor,Specialisation,,
149311,Wedding Coordinator,Specialisation,,
843999,Weed Controller,Occupation in nec category,,
712922,Weighbridge Operator,Principal Title,,
451512,Weight Loss Consultant,Principal Title,,
599599,Weights and Measures Inspector,Occupation in nec category,,
322313,Welder (First Class) (Aus) / Welder (NZ),Principal Title,,
234912,Welding Engineer,Specialisation,,
312912,Welding Engineering Technician,Specialisation,,
272613,Welfare Case Worker,Alternative Title,,
134214,Welfare Centre Manager,Principal Title,,
134214,Welfare Project Manager,Alternative Title,,
272613,Welfare Worker,Principal Title,,
821912,Well Treatment Offsider,Specialisation,,
272511,Whanau Support Worker (Family Support Worker) (NZ),Specialisation,,
891113,Wharf Labourer,Alternative Title,,
591212,Wharf Tally Clerk,Specialisation,,
261317,White Hat,Alternative Title,,
452217,Whitewater Rafting Guide,Principal Title,,
133312,Wholesaler,Principal Title,,
712111,Winch Operator,Specialisation,,
399213,Wind Turbine Technician,Specialisation,,
811612,Window Cleaner,Principal Title,,
639511,Window Dresser,Alternative Title,,
821411,Window Tinter (Building),Specialisation,,
899412,Windscreen Fitter,Alternative Title,,
452317,Windsurfing Instructor,Specialisation,,
121617,Wine Grape Grower,Principal Title,,
234213,Wine Maker,Principal Title,,
431511,Wine Steward,Specialisation,,
831118,Winery Cellar Hand,Principal Title,,
111212,Wing Commander (Air Force),Specialisation,,
711511,Wire Drawer (Plastics),Specialisation,,
839413,Wood and Wood Products Factory Worker,Principal Title,,
839413,Wood and Wood Products Labourer,Alternative Title,,
394213,Wood Machinist,Principal Title,,
394299,Wood Machinists and Other Wood Trades Workers nec,Principal Title,,
394299,Wood Model Maker,Occupation in nec category,,
839412,Wood Processing Worker,Alternative Title,,
311413,Wood Technologist,Specialisation,,
394214,Wood Turner,Principal Title,,
399111,Wooden Boat Builder,Specialisation,,
394213,Woodworking Machine Setter,Specialisation,,
222111,Wool Broker,Specialisation,,
639212,Wool Buyer,Principal Title,,
363312,Wool Classer,Principal Title,,
121322,Wool Grower,Specialisation,,
842321,Wool Handler,Principal Title,,
532113,Word Processing Operator,Principal Title,,
223111,Workforce Planning Analyst,Specialisation,,
251312,Workplace Rehabilitation Officer,Specialisation,,
223113,Workplace Relations Adviser,Principal Title,,
132311,Workplace Relations Manager,Specialisation,,
242211,Workplace Trainer and Assessor,Specialisation,,
133512,Works Manager (Manufacturing),Specialisation,,
399111,Yacht Builder,Specialisation,,
711716,Yarn Carding and Spinning Machine Operator,Principal Title,,
711716,Yarn Comber,Specialisation,,
711716,Yarn Texture Machine Operator,Specialisation,,
831114,Yoghurt Maker,Specialisation,,
411716,Youth Accommodation Support Worker,Specialisation,,
271211,Youth Court Judge (NZ),Specialisation,,
411716,Youth Liaison Officer,Specialisation,,
411716,Youth Officer,Alternative Title,,
411716,Youth Support Worker,Alternative Title,,
411716,Youth Worker,Principal Title,,
361114,Zookeeper,Principal Title,,
234522,Zoologist,Principal Title,,
311413,Zoology Technical Officer,Specialisation,,
,,,,
© Commonwealth of Australia,,,,
Crown Copyright ©,,,,